﻿<?xml version="1.0" encoding="utf-8"?>
<abapGit version="v1.0.0" serializer="LCL_OBJECT_TABL" serializer_version="v1.0.0">
 <asx:abap xmlns:asx="http://www.sap.com/abapxml" version="1.0">
  <asx:values>
   <DD02V>
    <TABNAME>ZFIS_SIMPLE_ACCPOST</TABNAME>
    <DDLANGUAGE>E</DDLANGUAGE>
    <TABCLASS>INTTAB</TABCLASS>
    <SQLTAB/>
    <DATMIN>0000000000</DATMIN>
    <DATMAX>0000000000</DATMAX>
    <DATAVG>0000000000</DATAVG>
    <CLIDEP/>
    <BUFFERED/>
    <COMPRFLAG/>
    <LANGDEP/>
    <DDTEXT>Main structure for ZCL_SIMPLE_ACC_POST</DDTEXT>
    <ACTFLAG/>
    <APPLCLASS/>
    <AUTHCLASS>00</AUTHCLASS>
    <AS4USER/>
    <AS4DATE>0000-00-00</AS4DATE>
    <AS4TIME>00:00:00</AS4TIME>
    <MASTERLANG/>
    <MAINFLAG/>
    <CONTFLAG/>
    <RESERVETAB/>
    <GLOBALFLAG/>
    <PROZPUFF>000</PROZPUFF>
    <VIEWCLASS/>
    <VIEWGRANT/>
    <MULTIPLEX/>
    <SHLPEXI/>
    <PROXYTYPE/>
    <EXCLASS>3</EXCLASS>
    <WRONGCL/>
   </DD02V>
   <DD03P_TABLE>
    <DD03P>
     <TABNAME>ZFIS_SIMPLE_ACCPOST</TABNAME>
     <FIELDNAME>ID_ACCDOC</FIELDNAME>
     <DDLANGUAGE>E</DDLANGUAGE>
     <POSITION>0001</POSITION>
     <KEYFLAG/>
     <MANDATORY/>
     <ROLLNAME/>
     <CHECKTABLE/>
     <ADMINFIELD>0</ADMINFIELD>
     <INTTYPE>C</INTTYPE>
     <INTLEN>000510</INTLEN>
     <REFTABLE/>
     <PRECFIELD/>
     <REFFIELD/>
     <CONROUT/>
     <NOTNULL/>
     <DOMNAME/>
     <ROUTPUTLEN>000000</ROUTPUTLEN>
     <MEMORYID/>
     <LOGFLAG/>
     <HEADLEN>00</HEADLEN>
     <SCRLEN1>00</SCRLEN1>
     <SCRLEN2>00</SCRLEN2>
     <SCRLEN3>00</SCRLEN3>
     <DTELGLOBAL/>
     <DTELMASTER/>
     <RESERVEDTE/>
     <DATATYPE>CHAR</DATATYPE>
     <LENG>000255</LENG>
     <OUTPUTLEN>000000</OUTPUTLEN>
     <DECIMALS>000000</DECIMALS>
     <LOWERCASE/>
     <SIGNFLAG/>
     <LANGFLAG/>
     <VALEXI/>
     <ENTITYTAB/>
     <CONVEXIT/>
     <MASK>  CHAR</MASK>
     <MASKLEN>0000</MASKLEN>
     <ACTFLAG/>
     <DDTEXT>Financial Document ID. Group items into an Acc. Document</DDTEXT>
     <REPTEXT/>
     <SCRTEXT_S/>
     <SCRTEXT_M/>
     <SCRTEXT_L/>
     <DOMMASTER/>
     <RESERVEDOM/>
     <DOMGLOBAL/>
     <DOMNAME3L/>
     <SHLPORIGIN/>
     <SHLPNAME/>
     <SHLPFIELD/>
     <TABLETYPE/>
     <DEPTH>00</DEPTH>
     <COMPTYPE/>
     <DEFFDNAME/>
     <GROUPNAME/>
     <REFTYPE/>
     <PROXYTYPE/>
     <LANGUFLAG/>
     <EXCLASS>0</EXCLASS>
     <LTRFLDDIS/>
     <BIDICTRLC/>
     <DBPOSITION>0000</DBPOSITION>
     <ANONYMOUS/>
     <OUTPUTSTYLE>00</OUTPUTSTYLE>
     <NOHISTORY/>
     <AMPMFORMAT/>
     <STREAMORLOC/>
     <STRORLOCPOS>00</STRORLOCPOS>
    </DD03P>
    <DD03P>
     <TABNAME>ZFIS_SIMPLE_ACCPOST</TABNAME>
     <FIELDNAME>AWTYP</FIELDNAME>
     <DDLANGUAGE/>
     <POSITION>0002</POSITION>
     <KEYFLAG/>
     <MANDATORY/>
     <ROLLNAME>AWTYP</ROLLNAME>
     <CHECKTABLE/>
     <ADMINFIELD>0</ADMINFIELD>
     <INTTYPE/>
     <INTLEN>000000</INTLEN>
     <REFTABLE/>
     <PRECFIELD/>
     <REFFIELD/>
     <CONROUT/>
     <NOTNULL/>
     <DOMNAME/>
     <ROUTPUTLEN>000000</ROUTPUTLEN>
     <MEMORYID/>
     <LOGFLAG/>
     <HEADLEN>00</HEADLEN>
     <SCRLEN1>00</SCRLEN1>
     <SCRLEN2>00</SCRLEN2>
     <SCRLEN3>00</SCRLEN3>
     <DTELGLOBAL/>
     <DTELMASTER/>
     <RESERVEDTE/>
     <DATATYPE/>
     <LENG>000000</LENG>
     <OUTPUTLEN>000000</OUTPUTLEN>
     <DECIMALS>000000</DECIMALS>
     <LOWERCASE/>
     <SIGNFLAG/>
     <LANGFLAG/>
     <VALEXI/>
     <ENTITYTAB/>
     <CONVEXIT/>
     <MASK/>
     <MASKLEN>0000</MASKLEN>
     <ACTFLAG/>
     <DDTEXT/>
     <REPTEXT/>
     <SCRTEXT_S/>
     <SCRTEXT_M/>
     <SCRTEXT_L/>
     <DOMMASTER/>
     <RESERVEDOM/>
     <DOMGLOBAL/>
     <DOMNAME3L/>
     <SHLPORIGIN/>
     <SHLPNAME/>
     <SHLPFIELD/>
     <TABLETYPE/>
     <DEPTH>00</DEPTH>
     <COMPTYPE>E</COMPTYPE>
     <DEFFDNAME/>
     <GROUPNAME/>
     <REFTYPE/>
     <PROXYTYPE/>
     <LANGUFLAG/>
     <EXCLASS>0</EXCLASS>
     <LTRFLDDIS/>
     <BIDICTRLC/>
     <DBPOSITION>0000</DBPOSITION>
     <ANONYMOUS/>
     <OUTPUTSTYLE>00</OUTPUTSTYLE>
     <NOHISTORY/>
     <AMPMFORMAT/>
     <STREAMORLOC/>
     <STRORLOCPOS>00</STRORLOCPOS>
    </DD03P>
    <DD03P>
     <TABNAME>ZFIS_SIMPLE_ACCPOST</TABNAME>
     <FIELDNAME>AWKEY</FIELDNAME>
     <DDLANGUAGE/>
     <POSITION>0003</POSITION>
     <KEYFLAG/>
     <MANDATORY/>
     <ROLLNAME>AWKEY</ROLLNAME>
     <CHECKTABLE/>
     <ADMINFIELD>0</ADMINFIELD>
     <INTTYPE/>
     <INTLEN>000000</INTLEN>
     <REFTABLE/>
     <PRECFIELD/>
     <REFFIELD/>
     <CONROUT/>
     <NOTNULL/>
     <DOMNAME/>
     <ROUTPUTLEN>000000</ROUTPUTLEN>
     <MEMORYID/>
     <LOGFLAG/>
     <HEADLEN>00</HEADLEN>
     <SCRLEN1>00</SCRLEN1>
     <SCRLEN2>00</SCRLEN2>
     <SCRLEN3>00</SCRLEN3>
     <DTELGLOBAL/>
     <DTELMASTER/>
     <RESERVEDTE/>
     <DATATYPE/>
     <LENG>000000</LENG>
     <OUTPUTLEN>000000</OUTPUTLEN>
     <DECIMALS>000000</DECIMALS>
     <LOWERCASE/>
     <SIGNFLAG/>
     <LANGFLAG/>
     <VALEXI/>
     <ENTITYTAB/>
     <CONVEXIT/>
     <MASK/>
     <MASKLEN>0000</MASKLEN>
     <ACTFLAG/>
     <DDTEXT/>
     <REPTEXT/>
     <SCRTEXT_S/>
     <SCRTEXT_M/>
     <SCRTEXT_L/>
     <DOMMASTER/>
     <RESERVEDOM/>
     <DOMGLOBAL/>
     <DOMNAME3L/>
     <SHLPORIGIN/>
     <SHLPNAME/>
     <SHLPFIELD/>
     <TABLETYPE/>
     <DEPTH>00</DEPTH>
     <COMPTYPE>E</COMPTYPE>
     <DEFFDNAME/>
     <GROUPNAME/>
     <REFTYPE/>
     <PROXYTYPE/>
     <LANGUFLAG/>
     <EXCLASS>0</EXCLASS>
     <LTRFLDDIS/>
     <BIDICTRLC/>
     <DBPOSITION>0000</DBPOSITION>
     <ANONYMOUS/>
     <OUTPUTSTYLE>00</OUTPUTSTYLE>
     <NOHISTORY/>
     <AMPMFORMAT/>
     <STREAMORLOC/>
     <STRORLOCPOS>00</STRORLOCPOS>
    </DD03P>
    <DD03P>
     <TABNAME>ZFIS_SIMPLE_ACCPOST</TABNAME>
     <FIELDNAME>AWSYS</FIELDNAME>
     <DDLANGUAGE/>
     <POSITION>0004</POSITION>
     <KEYFLAG/>
     <MANDATORY/>
     <ROLLNAME>AWSYS</ROLLNAME>
     <CHECKTABLE/>
     <ADMINFIELD>0</ADMINFIELD>
     <INTTYPE/>
     <INTLEN>000000</INTLEN>
     <REFTABLE/>
     <PRECFIELD/>
     <REFFIELD/>
     <CONROUT/>
     <NOTNULL/>
     <DOMNAME/>
     <ROUTPUTLEN>000000</ROUTPUTLEN>
     <MEMORYID/>
     <LOGFLAG/>
     <HEADLEN>00</HEADLEN>
     <SCRLEN1>00</SCRLEN1>
     <SCRLEN2>00</SCRLEN2>
     <SCRLEN3>00</SCRLEN3>
     <DTELGLOBAL/>
     <DTELMASTER/>
     <RESERVEDTE/>
     <DATATYPE/>
     <LENG>000000</LENG>
     <OUTPUTLEN>000000</OUTPUTLEN>
     <DECIMALS>000000</DECIMALS>
     <LOWERCASE/>
     <SIGNFLAG/>
     <LANGFLAG/>
     <VALEXI/>
     <ENTITYTAB/>
     <CONVEXIT/>
     <MASK/>
     <MASKLEN>0000</MASKLEN>
     <ACTFLAG/>
     <DDTEXT/>
     <REPTEXT/>
     <SCRTEXT_S/>
     <SCRTEXT_M/>
     <SCRTEXT_L/>
     <DOMMASTER/>
     <RESERVEDOM/>
     <DOMGLOBAL/>
     <DOMNAME3L/>
     <SHLPORIGIN/>
     <SHLPNAME/>
     <SHLPFIELD/>
     <TABLETYPE/>
     <DEPTH>00</DEPTH>
     <COMPTYPE>E</COMPTYPE>
     <DEFFDNAME/>
     <GROUPNAME/>
     <REFTYPE/>
     <PROXYTYPE/>
     <LANGUFLAG/>
     <EXCLASS>0</EXCLASS>
     <LTRFLDDIS/>
     <BIDICTRLC/>
     <DBPOSITION>0000</DBPOSITION>
     <ANONYMOUS/>
     <OUTPUTSTYLE>00</OUTPUTSTYLE>
     <NOHISTORY/>
     <AMPMFORMAT/>
     <STREAMORLOC/>
     <STRORLOCPOS>00</STRORLOCPOS>
    </DD03P>
    <DD03P>
     <TABNAME>ZFIS_SIMPLE_ACCPOST</TABNAME>
     <FIELDNAME>BUKRS</FIELDNAME>
     <DDLANGUAGE/>
     <POSITION>0005</POSITION>
     <KEYFLAG/>
     <MANDATORY/>
     <ROLLNAME>BUKRS</ROLLNAME>
     <CHECKTABLE/>
     <ADMINFIELD>0</ADMINFIELD>
     <INTTYPE/>
     <INTLEN>000000</INTLEN>
     <REFTABLE/>
     <PRECFIELD/>
     <REFFIELD/>
     <CONROUT/>
     <NOTNULL/>
     <DOMNAME/>
     <ROUTPUTLEN>000000</ROUTPUTLEN>
     <MEMORYID/>
     <LOGFLAG/>
     <HEADLEN>00</HEADLEN>
     <SCRLEN1>00</SCRLEN1>
     <SCRLEN2>00</SCRLEN2>
     <SCRLEN3>00</SCRLEN3>
     <DTELGLOBAL/>
     <DTELMASTER/>
     <RESERVEDTE/>
     <DATATYPE/>
     <LENG>000000</LENG>
     <OUTPUTLEN>000000</OUTPUTLEN>
     <DECIMALS>000000</DECIMALS>
     <LOWERCASE/>
     <SIGNFLAG/>
     <LANGFLAG/>
     <VALEXI/>
     <ENTITYTAB/>
     <CONVEXIT/>
     <MASK/>
     <MASKLEN>0000</MASKLEN>
     <ACTFLAG/>
     <DDTEXT/>
     <REPTEXT/>
     <SCRTEXT_S/>
     <SCRTEXT_M/>
     <SCRTEXT_L/>
     <DOMMASTER/>
     <RESERVEDOM/>
     <DOMGLOBAL/>
     <DOMNAME3L/>
     <SHLPORIGIN>D</SHLPORIGIN>
     <SHLPNAME/>
     <SHLPFIELD/>
     <TABLETYPE/>
     <DEPTH>00</DEPTH>
     <COMPTYPE>E</COMPTYPE>
     <DEFFDNAME/>
     <GROUPNAME/>
     <REFTYPE/>
     <PROXYTYPE/>
     <LANGUFLAG/>
     <EXCLASS>0</EXCLASS>
     <LTRFLDDIS/>
     <BIDICTRLC/>
     <DBPOSITION>0000</DBPOSITION>
     <ANONYMOUS/>
     <OUTPUTSTYLE>00</OUTPUTSTYLE>
     <NOHISTORY/>
     <AMPMFORMAT/>
     <STREAMORLOC/>
     <STRORLOCPOS>00</STRORLOCPOS>
    </DD03P>
    <DD03P>
     <TABNAME>ZFIS_SIMPLE_ACCPOST</TABNAME>
     <FIELDNAME>BLART</FIELDNAME>
     <DDLANGUAGE/>
     <POSITION>0006</POSITION>
     <KEYFLAG/>
     <MANDATORY/>
     <ROLLNAME>BLART</ROLLNAME>
     <CHECKTABLE/>
     <ADMINFIELD>0</ADMINFIELD>
     <INTTYPE/>
     <INTLEN>000000</INTLEN>
     <REFTABLE/>
     <PRECFIELD/>
     <REFFIELD/>
     <CONROUT/>
     <NOTNULL/>
     <DOMNAME/>
     <ROUTPUTLEN>000000</ROUTPUTLEN>
     <MEMORYID/>
     <LOGFLAG/>
     <HEADLEN>00</HEADLEN>
     <SCRLEN1>00</SCRLEN1>
     <SCRLEN2>00</SCRLEN2>
     <SCRLEN3>00</SCRLEN3>
     <DTELGLOBAL/>
     <DTELMASTER/>
     <RESERVEDTE/>
     <DATATYPE/>
     <LENG>000000</LENG>
     <OUTPUTLEN>000000</OUTPUTLEN>
     <DECIMALS>000000</DECIMALS>
     <LOWERCASE/>
     <SIGNFLAG/>
     <LANGFLAG/>
     <VALEXI/>
     <ENTITYTAB/>
     <CONVEXIT/>
     <MASK/>
     <MASKLEN>0000</MASKLEN>
     <ACTFLAG/>
     <DDTEXT/>
     <REPTEXT/>
     <SCRTEXT_S/>
     <SCRTEXT_M/>
     <SCRTEXT_L/>
     <DOMMASTER/>
     <RESERVEDOM/>
     <DOMGLOBAL/>
     <DOMNAME3L/>
     <SHLPORIGIN/>
     <SHLPNAME/>
     <SHLPFIELD/>
     <TABLETYPE/>
     <DEPTH>00</DEPTH>
     <COMPTYPE>E</COMPTYPE>
     <DEFFDNAME/>
     <GROUPNAME/>
     <REFTYPE/>
     <PROXYTYPE/>
     <LANGUFLAG/>
     <EXCLASS>0</EXCLASS>
     <LTRFLDDIS/>
     <BIDICTRLC/>
     <DBPOSITION>0000</DBPOSITION>
     <ANONYMOUS/>
     <OUTPUTSTYLE>00</OUTPUTSTYLE>
     <NOHISTORY/>
     <AMPMFORMAT/>
     <STREAMORLOC/>
     <STRORLOCPOS>00</STRORLOCPOS>
    </DD03P>
    <DD03P>
     <TABNAME>ZFIS_SIMPLE_ACCPOST</TABNAME>
     <FIELDNAME>BLDAT</FIELDNAME>
     <DDLANGUAGE/>
     <POSITION>0007</POSITION>
     <KEYFLAG/>
     <MANDATORY/>
     <ROLLNAME>BLDAT</ROLLNAME>
     <CHECKTABLE/>
     <ADMINFIELD>0</ADMINFIELD>
     <INTTYPE/>
     <INTLEN>000000</INTLEN>
     <REFTABLE/>
     <PRECFIELD/>
     <REFFIELD/>
     <CONROUT/>
     <NOTNULL/>
     <DOMNAME/>
     <ROUTPUTLEN>000000</ROUTPUTLEN>
     <MEMORYID/>
     <LOGFLAG/>
     <HEADLEN>00</HEADLEN>
     <SCRLEN1>00</SCRLEN1>
     <SCRLEN2>00</SCRLEN2>
     <SCRLEN3>00</SCRLEN3>
     <DTELGLOBAL/>
     <DTELMASTER/>
     <RESERVEDTE/>
     <DATATYPE/>
     <LENG>000000</LENG>
     <OUTPUTLEN>000000</OUTPUTLEN>
     <DECIMALS>000000</DECIMALS>
     <LOWERCASE/>
     <SIGNFLAG/>
     <LANGFLAG/>
     <VALEXI/>
     <ENTITYTAB/>
     <CONVEXIT/>
     <MASK/>
     <MASKLEN>0000</MASKLEN>
     <ACTFLAG/>
     <DDTEXT/>
     <REPTEXT/>
     <SCRTEXT_S/>
     <SCRTEXT_M/>
     <SCRTEXT_L/>
     <DOMMASTER/>
     <RESERVEDOM/>
     <DOMGLOBAL/>
     <DOMNAME3L/>
     <SHLPORIGIN>T</SHLPORIGIN>
     <SHLPNAME/>
     <SHLPFIELD/>
     <TABLETYPE/>
     <DEPTH>00</DEPTH>
     <COMPTYPE>E</COMPTYPE>
     <DEFFDNAME/>
     <GROUPNAME/>
     <REFTYPE/>
     <PROXYTYPE/>
     <LANGUFLAG/>
     <EXCLASS>0</EXCLASS>
     <LTRFLDDIS/>
     <BIDICTRLC/>
     <DBPOSITION>0000</DBPOSITION>
     <ANONYMOUS/>
     <OUTPUTSTYLE>00</OUTPUTSTYLE>
     <NOHISTORY/>
     <AMPMFORMAT/>
     <STREAMORLOC/>
     <STRORLOCPOS>00</STRORLOCPOS>
    </DD03P>
    <DD03P>
     <TABNAME>ZFIS_SIMPLE_ACCPOST</TABNAME>
     <FIELDNAME>BUDAT</FIELDNAME>
     <DDLANGUAGE/>
     <POSITION>0008</POSITION>
     <KEYFLAG/>
     <MANDATORY/>
     <ROLLNAME>BUDAT</ROLLNAME>
     <CHECKTABLE/>
     <ADMINFIELD>0</ADMINFIELD>
     <INTTYPE/>
     <INTLEN>000000</INTLEN>
     <REFTABLE/>
     <PRECFIELD/>
     <REFFIELD/>
     <CONROUT/>
     <NOTNULL/>
     <DOMNAME/>
     <ROUTPUTLEN>000000</ROUTPUTLEN>
     <MEMORYID/>
     <LOGFLAG/>
     <HEADLEN>00</HEADLEN>
     <SCRLEN1>00</SCRLEN1>
     <SCRLEN2>00</SCRLEN2>
     <SCRLEN3>00</SCRLEN3>
     <DTELGLOBAL/>
     <DTELMASTER/>
     <RESERVEDTE/>
     <DATATYPE/>
     <LENG>000000</LENG>
     <OUTPUTLEN>000000</OUTPUTLEN>
     <DECIMALS>000000</DECIMALS>
     <LOWERCASE/>
     <SIGNFLAG/>
     <LANGFLAG/>
     <VALEXI/>
     <ENTITYTAB/>
     <CONVEXIT/>
     <MASK/>
     <MASKLEN>0000</MASKLEN>
     <ACTFLAG/>
     <DDTEXT/>
     <REPTEXT/>
     <SCRTEXT_S/>
     <SCRTEXT_M/>
     <SCRTEXT_L/>
     <DOMMASTER/>
     <RESERVEDOM/>
     <DOMGLOBAL/>
     <DOMNAME3L/>
     <SHLPORIGIN>T</SHLPORIGIN>
     <SHLPNAME/>
     <SHLPFIELD/>
     <TABLETYPE/>
     <DEPTH>00</DEPTH>
     <COMPTYPE>E</COMPTYPE>
     <DEFFDNAME/>
     <GROUPNAME/>
     <REFTYPE/>
     <PROXYTYPE/>
     <LANGUFLAG/>
     <EXCLASS>0</EXCLASS>
     <LTRFLDDIS/>
     <BIDICTRLC/>
     <DBPOSITION>0000</DBPOSITION>
     <ANONYMOUS/>
     <OUTPUTSTYLE>00</OUTPUTSTYLE>
     <NOHISTORY/>
     <AMPMFORMAT/>
     <STREAMORLOC/>
     <STRORLOCPOS>00</STRORLOCPOS>
    </DD03P>
    <DD03P>
     <TABNAME>ZFIS_SIMPLE_ACCPOST</TABNAME>
     <FIELDNAME>WAERS</FIELDNAME>
     <DDLANGUAGE/>
     <POSITION>0009</POSITION>
     <KEYFLAG/>
     <MANDATORY/>
     <ROLLNAME>WAERS</ROLLNAME>
     <CHECKTABLE/>
     <ADMINFIELD>0</ADMINFIELD>
     <INTTYPE/>
     <INTLEN>000000</INTLEN>
     <REFTABLE/>
     <PRECFIELD/>
     <REFFIELD/>
     <CONROUT/>
     <NOTNULL/>
     <DOMNAME/>
     <ROUTPUTLEN>000000</ROUTPUTLEN>
     <MEMORYID/>
     <LOGFLAG/>
     <HEADLEN>00</HEADLEN>
     <SCRLEN1>00</SCRLEN1>
     <SCRLEN2>00</SCRLEN2>
     <SCRLEN3>00</SCRLEN3>
     <DTELGLOBAL/>
     <DTELMASTER/>
     <RESERVEDTE/>
     <DATATYPE/>
     <LENG>000000</LENG>
     <OUTPUTLEN>000000</OUTPUTLEN>
     <DECIMALS>000000</DECIMALS>
     <LOWERCASE/>
     <SIGNFLAG/>
     <LANGFLAG/>
     <VALEXI/>
     <ENTITYTAB/>
     <CONVEXIT/>
     <MASK/>
     <MASKLEN>0000</MASKLEN>
     <ACTFLAG/>
     <DDTEXT/>
     <REPTEXT/>
     <SCRTEXT_S/>
     <SCRTEXT_M/>
     <SCRTEXT_L/>
     <DOMMASTER/>
     <RESERVEDOM/>
     <DOMGLOBAL/>
     <DOMNAME3L/>
     <SHLPORIGIN/>
     <SHLPNAME/>
     <SHLPFIELD/>
     <TABLETYPE/>
     <DEPTH>00</DEPTH>
     <COMPTYPE>E</COMPTYPE>
     <DEFFDNAME/>
     <GROUPNAME/>
     <REFTYPE/>
     <PROXYTYPE/>
     <LANGUFLAG/>
     <EXCLASS>0</EXCLASS>
     <LTRFLDDIS/>
     <BIDICTRLC/>
     <DBPOSITION>0000</DBPOSITION>
     <ANONYMOUS/>
     <OUTPUTSTYLE>00</OUTPUTSTYLE>
     <NOHISTORY/>
     <AMPMFORMAT/>
     <STREAMORLOC/>
     <STRORLOCPOS>00</STRORLOCPOS>
    </DD03P>
    <DD03P>
     <TABNAME>ZFIS_SIMPLE_ACCPOST</TABNAME>
     <FIELDNAME>XBLNR</FIELDNAME>
     <DDLANGUAGE/>
     <POSITION>0010</POSITION>
     <KEYFLAG/>
     <MANDATORY/>
     <ROLLNAME>XBLNR</ROLLNAME>
     <CHECKTABLE/>
     <ADMINFIELD>0</ADMINFIELD>
     <INTTYPE/>
     <INTLEN>000000</INTLEN>
     <REFTABLE/>
     <PRECFIELD/>
     <REFFIELD/>
     <CONROUT/>
     <NOTNULL/>
     <DOMNAME/>
     <ROUTPUTLEN>000000</ROUTPUTLEN>
     <MEMORYID/>
     <LOGFLAG/>
     <HEADLEN>00</HEADLEN>
     <SCRLEN1>00</SCRLEN1>
     <SCRLEN2>00</SCRLEN2>
     <SCRLEN3>00</SCRLEN3>
     <DTELGLOBAL/>
     <DTELMASTER/>
     <RESERVEDTE/>
     <DATATYPE/>
     <LENG>000000</LENG>
     <OUTPUTLEN>000000</OUTPUTLEN>
     <DECIMALS>000000</DECIMALS>
     <LOWERCASE/>
     <SIGNFLAG/>
     <LANGFLAG/>
     <VALEXI/>
     <ENTITYTAB/>
     <CONVEXIT/>
     <MASK/>
     <MASKLEN>0000</MASKLEN>
     <ACTFLAG/>
     <DDTEXT/>
     <REPTEXT/>
     <SCRTEXT_S/>
     <SCRTEXT_M/>
     <SCRTEXT_L/>
     <DOMMASTER/>
     <RESERVEDOM/>
     <DOMGLOBAL/>
     <DOMNAME3L/>
     <SHLPORIGIN/>
     <SHLPNAME/>
     <SHLPFIELD/>
     <TABLETYPE/>
     <DEPTH>00</DEPTH>
     <COMPTYPE>E</COMPTYPE>
     <DEFFDNAME/>
     <GROUPNAME/>
     <REFTYPE/>
     <PROXYTYPE/>
     <LANGUFLAG/>
     <EXCLASS>0</EXCLASS>
     <LTRFLDDIS/>
     <BIDICTRLC/>
     <DBPOSITION>0000</DBPOSITION>
     <ANONYMOUS/>
     <OUTPUTSTYLE>00</OUTPUTSTYLE>
     <NOHISTORY/>
     <AMPMFORMAT/>
     <STREAMORLOC/>
     <STRORLOCPOS>00</STRORLOCPOS>
    </DD03P>
    <DD03P>
     <TABNAME>ZFIS_SIMPLE_ACCPOST</TABNAME>
     <FIELDNAME>BKTXT</FIELDNAME>
     <DDLANGUAGE/>
     <POSITION>0011</POSITION>
     <KEYFLAG/>
     <MANDATORY/>
     <ROLLNAME>BKTXT</ROLLNAME>
     <CHECKTABLE/>
     <ADMINFIELD>0</ADMINFIELD>
     <INTTYPE/>
     <INTLEN>000000</INTLEN>
     <REFTABLE/>
     <PRECFIELD/>
     <REFFIELD/>
     <CONROUT/>
     <NOTNULL/>
     <DOMNAME/>
     <ROUTPUTLEN>000000</ROUTPUTLEN>
     <MEMORYID/>
     <LOGFLAG/>
     <HEADLEN>00</HEADLEN>
     <SCRLEN1>00</SCRLEN1>
     <SCRLEN2>00</SCRLEN2>
     <SCRLEN3>00</SCRLEN3>
     <DTELGLOBAL/>
     <DTELMASTER/>
     <RESERVEDTE/>
     <DATATYPE/>
     <LENG>000000</LENG>
     <OUTPUTLEN>000000</OUTPUTLEN>
     <DECIMALS>000000</DECIMALS>
     <LOWERCASE>X</LOWERCASE>
     <SIGNFLAG/>
     <LANGFLAG/>
     <VALEXI/>
     <ENTITYTAB/>
     <CONVEXIT/>
     <MASK/>
     <MASKLEN>0000</MASKLEN>
     <ACTFLAG/>
     <DDTEXT/>
     <REPTEXT/>
     <SCRTEXT_S/>
     <SCRTEXT_M/>
     <SCRTEXT_L/>
     <DOMMASTER/>
     <RESERVEDOM/>
     <DOMGLOBAL/>
     <DOMNAME3L/>
     <SHLPORIGIN/>
     <SHLPNAME/>
     <SHLPFIELD/>
     <TABLETYPE/>
     <DEPTH>00</DEPTH>
     <COMPTYPE>E</COMPTYPE>
     <DEFFDNAME/>
     <GROUPNAME/>
     <REFTYPE/>
     <PROXYTYPE/>
     <LANGUFLAG/>
     <EXCLASS>0</EXCLASS>
     <LTRFLDDIS/>
     <BIDICTRLC/>
     <DBPOSITION>0000</DBPOSITION>
     <ANONYMOUS/>
     <OUTPUTSTYLE>00</OUTPUTSTYLE>
     <NOHISTORY/>
     <AMPMFORMAT/>
     <STREAMORLOC/>
     <STRORLOCPOS>00</STRORLOCPOS>
    </DD03P>
    <DD03P>
     <TABNAME>ZFIS_SIMPLE_ACCPOST</TABNAME>
     <FIELDNAME>KUNNR</FIELDNAME>
     <DDLANGUAGE/>
     <POSITION>0012</POSITION>
     <KEYFLAG/>
     <MANDATORY/>
     <ROLLNAME>KUNNR</ROLLNAME>
     <CHECKTABLE/>
     <ADMINFIELD>0</ADMINFIELD>
     <INTTYPE/>
     <INTLEN>000000</INTLEN>
     <REFTABLE/>
     <PRECFIELD/>
     <REFFIELD/>
     <CONROUT/>
     <NOTNULL/>
     <DOMNAME/>
     <ROUTPUTLEN>000000</ROUTPUTLEN>
     <MEMORYID/>
     <LOGFLAG/>
     <HEADLEN>00</HEADLEN>
     <SCRLEN1>00</SCRLEN1>
     <SCRLEN2>00</SCRLEN2>
     <SCRLEN3>00</SCRLEN3>
     <DTELGLOBAL/>
     <DTELMASTER/>
     <RESERVEDTE/>
     <DATATYPE/>
     <LENG>000000</LENG>
     <OUTPUTLEN>000000</OUTPUTLEN>
     <DECIMALS>000000</DECIMALS>
     <LOWERCASE/>
     <SIGNFLAG/>
     <LANGFLAG/>
     <VALEXI/>
     <ENTITYTAB/>
     <CONVEXIT/>
     <MASK/>
     <MASKLEN>0000</MASKLEN>
     <ACTFLAG/>
     <DDTEXT/>
     <REPTEXT/>
     <SCRTEXT_S/>
     <SCRTEXT_M/>
     <SCRTEXT_L/>
     <DOMMASTER/>
     <RESERVEDOM/>
     <DOMGLOBAL/>
     <DOMNAME3L/>
     <SHLPORIGIN>D</SHLPORIGIN>
     <SHLPNAME/>
     <SHLPFIELD/>
     <TABLETYPE/>
     <DEPTH>00</DEPTH>
     <COMPTYPE>E</COMPTYPE>
     <DEFFDNAME/>
     <GROUPNAME/>
     <REFTYPE/>
     <PROXYTYPE/>
     <LANGUFLAG/>
     <EXCLASS>0</EXCLASS>
     <LTRFLDDIS/>
     <BIDICTRLC/>
     <DBPOSITION>0000</DBPOSITION>
     <ANONYMOUS/>
     <OUTPUTSTYLE>00</OUTPUTSTYLE>
     <NOHISTORY/>
     <AMPMFORMAT/>
     <STREAMORLOC/>
     <STRORLOCPOS>00</STRORLOCPOS>
    </DD03P>
    <DD03P>
     <TABNAME>ZFIS_SIMPLE_ACCPOST</TABNAME>
     <FIELDNAME>LIFNR</FIELDNAME>
     <DDLANGUAGE/>
     <POSITION>0013</POSITION>
     <KEYFLAG/>
     <MANDATORY/>
     <ROLLNAME>LIFNR</ROLLNAME>
     <CHECKTABLE/>
     <ADMINFIELD>0</ADMINFIELD>
     <INTTYPE/>
     <INTLEN>000000</INTLEN>
     <REFTABLE/>
     <PRECFIELD/>
     <REFFIELD/>
     <CONROUT/>
     <NOTNULL/>
     <DOMNAME/>
     <ROUTPUTLEN>000000</ROUTPUTLEN>
     <MEMORYID/>
     <LOGFLAG/>
     <HEADLEN>00</HEADLEN>
     <SCRLEN1>00</SCRLEN1>
     <SCRLEN2>00</SCRLEN2>
     <SCRLEN3>00</SCRLEN3>
     <DTELGLOBAL/>
     <DTELMASTER/>
     <RESERVEDTE/>
     <DATATYPE/>
     <LENG>000000</LENG>
     <OUTPUTLEN>000000</OUTPUTLEN>
     <DECIMALS>000000</DECIMALS>
     <LOWERCASE/>
     <SIGNFLAG/>
     <LANGFLAG/>
     <VALEXI/>
     <ENTITYTAB/>
     <CONVEXIT/>
     <MASK/>
     <MASKLEN>0000</MASKLEN>
     <ACTFLAG/>
     <DDTEXT/>
     <REPTEXT/>
     <SCRTEXT_S/>
     <SCRTEXT_M/>
     <SCRTEXT_L/>
     <DOMMASTER/>
     <RESERVEDOM/>
     <DOMGLOBAL/>
     <DOMNAME3L/>
     <SHLPORIGIN>D</SHLPORIGIN>
     <SHLPNAME/>
     <SHLPFIELD/>
     <TABLETYPE/>
     <DEPTH>00</DEPTH>
     <COMPTYPE>E</COMPTYPE>
     <DEFFDNAME/>
     <GROUPNAME/>
     <REFTYPE/>
     <PROXYTYPE/>
     <LANGUFLAG/>
     <EXCLASS>0</EXCLASS>
     <LTRFLDDIS/>
     <BIDICTRLC/>
     <DBPOSITION>0000</DBPOSITION>
     <ANONYMOUS/>
     <OUTPUTSTYLE>00</OUTPUTSTYLE>
     <NOHISTORY/>
     <AMPMFORMAT/>
     <STREAMORLOC/>
     <STRORLOCPOS>00</STRORLOCPOS>
    </DD03P>
    <DD03P>
     <TABNAME>ZFIS_SIMPLE_ACCPOST</TABNAME>
     <FIELDNAME>UMSKS</FIELDNAME>
     <DDLANGUAGE/>
     <POSITION>0014</POSITION>
     <KEYFLAG/>
     <MANDATORY/>
     <ROLLNAME>UMSKS</ROLLNAME>
     <CHECKTABLE/>
     <ADMINFIELD>0</ADMINFIELD>
     <INTTYPE/>
     <INTLEN>000000</INTLEN>
     <REFTABLE/>
     <PRECFIELD/>
     <REFFIELD/>
     <CONROUT/>
     <NOTNULL/>
     <DOMNAME/>
     <ROUTPUTLEN>000000</ROUTPUTLEN>
     <MEMORYID/>
     <LOGFLAG/>
     <HEADLEN>00</HEADLEN>
     <SCRLEN1>00</SCRLEN1>
     <SCRLEN2>00</SCRLEN2>
     <SCRLEN3>00</SCRLEN3>
     <DTELGLOBAL/>
     <DTELMASTER/>
     <RESERVEDTE/>
     <DATATYPE/>
     <LENG>000000</LENG>
     <OUTPUTLEN>000000</OUTPUTLEN>
     <DECIMALS>000000</DECIMALS>
     <LOWERCASE/>
     <SIGNFLAG/>
     <LANGFLAG/>
     <VALEXI/>
     <ENTITYTAB/>
     <CONVEXIT/>
     <MASK/>
     <MASKLEN>0000</MASKLEN>
     <ACTFLAG/>
     <DDTEXT/>
     <REPTEXT/>
     <SCRTEXT_S/>
     <SCRTEXT_M/>
     <SCRTEXT_L/>
     <DOMMASTER/>
     <RESERVEDOM/>
     <DOMGLOBAL/>
     <DOMNAME3L/>
     <SHLPORIGIN/>
     <SHLPNAME/>
     <SHLPFIELD/>
     <TABLETYPE/>
     <DEPTH>00</DEPTH>
     <COMPTYPE>E</COMPTYPE>
     <DEFFDNAME/>
     <GROUPNAME/>
     <REFTYPE/>
     <PROXYTYPE/>
     <LANGUFLAG/>
     <EXCLASS>0</EXCLASS>
     <LTRFLDDIS/>
     <BIDICTRLC/>
     <DBPOSITION>0000</DBPOSITION>
     <ANONYMOUS/>
     <OUTPUTSTYLE>00</OUTPUTSTYLE>
     <NOHISTORY/>
     <AMPMFORMAT/>
     <STREAMORLOC/>
     <STRORLOCPOS>00</STRORLOCPOS>
    </DD03P>
    <DD03P>
     <TABNAME>ZFIS_SIMPLE_ACCPOST</TABNAME>
     <FIELDNAME>HKONT</FIELDNAME>
     <DDLANGUAGE/>
     <POSITION>0015</POSITION>
     <KEYFLAG/>
     <MANDATORY/>
     <ROLLNAME>HKONT</ROLLNAME>
     <CHECKTABLE/>
     <ADMINFIELD>0</ADMINFIELD>
     <INTTYPE/>
     <INTLEN>000000</INTLEN>
     <REFTABLE/>
     <PRECFIELD/>
     <REFFIELD/>
     <CONROUT/>
     <NOTNULL/>
     <DOMNAME/>
     <ROUTPUTLEN>000000</ROUTPUTLEN>
     <MEMORYID/>
     <LOGFLAG/>
     <HEADLEN>00</HEADLEN>
     <SCRLEN1>00</SCRLEN1>
     <SCRLEN2>00</SCRLEN2>
     <SCRLEN3>00</SCRLEN3>
     <DTELGLOBAL/>
     <DTELMASTER/>
     <RESERVEDTE/>
     <DATATYPE/>
     <LENG>000000</LENG>
     <OUTPUTLEN>000000</OUTPUTLEN>
     <DECIMALS>000000</DECIMALS>
     <LOWERCASE/>
     <SIGNFLAG/>
     <LANGFLAG/>
     <VALEXI/>
     <ENTITYTAB/>
     <CONVEXIT/>
     <MASK/>
     <MASKLEN>0000</MASKLEN>
     <ACTFLAG/>
     <DDTEXT/>
     <REPTEXT/>
     <SCRTEXT_S/>
     <SCRTEXT_M/>
     <SCRTEXT_L/>
     <DOMMASTER/>
     <RESERVEDOM/>
     <DOMGLOBAL/>
     <DOMNAME3L/>
     <SHLPORIGIN/>
     <SHLPNAME/>
     <SHLPFIELD/>
     <TABLETYPE/>
     <DEPTH>00</DEPTH>
     <COMPTYPE>E</COMPTYPE>
     <DEFFDNAME/>
     <GROUPNAME/>
     <REFTYPE/>
     <PROXYTYPE/>
     <LANGUFLAG/>
     <EXCLASS>0</EXCLASS>
     <LTRFLDDIS/>
     <BIDICTRLC/>
     <DBPOSITION>0000</DBPOSITION>
     <ANONYMOUS/>
     <OUTPUTSTYLE>00</OUTPUTSTYLE>
     <NOHISTORY/>
     <AMPMFORMAT/>
     <STREAMORLOC/>
     <STRORLOCPOS>00</STRORLOCPOS>
    </DD03P>
    <DD03P>
     <TABNAME>ZFIS_SIMPLE_ACCPOST</TABNAME>
     <FIELDNAME>WRBTR</FIELDNAME>
     <DDLANGUAGE/>
     <POSITION>0016</POSITION>
     <KEYFLAG/>
     <MANDATORY/>
     <ROLLNAME>BAPIDOCCUR</ROLLNAME>
     <CHECKTABLE/>
     <ADMINFIELD>0</ADMINFIELD>
     <INTTYPE/>
     <INTLEN>000000</INTLEN>
     <REFTABLE/>
     <PRECFIELD/>
     <REFFIELD/>
     <CONROUT/>
     <NOTNULL/>
     <DOMNAME/>
     <ROUTPUTLEN>000000</ROUTPUTLEN>
     <MEMORYID/>
     <LOGFLAG/>
     <HEADLEN>00</HEADLEN>
     <SCRLEN1>00</SCRLEN1>
     <SCRLEN2>00</SCRLEN2>
     <SCRLEN3>00</SCRLEN3>
     <DTELGLOBAL/>
     <DTELMASTER/>
     <RESERVEDTE/>
     <DATATYPE/>
     <LENG>000000</LENG>
     <OUTPUTLEN>000000</OUTPUTLEN>
     <DECIMALS>000004</DECIMALS>
     <LOWERCASE/>
     <SIGNFLAG>X</SIGNFLAG>
     <LANGFLAG/>
     <VALEXI/>
     <ENTITYTAB/>
     <CONVEXIT/>
     <MASK/>
     <MASKLEN>0000</MASKLEN>
     <ACTFLAG/>
     <DDTEXT/>
     <REPTEXT/>
     <SCRTEXT_S/>
     <SCRTEXT_M/>
     <SCRTEXT_L/>
     <DOMMASTER/>
     <RESERVEDOM/>
     <DOMGLOBAL/>
     <DOMNAME3L/>
     <SHLPORIGIN/>
     <SHLPNAME/>
     <SHLPFIELD/>
     <TABLETYPE/>
     <DEPTH>00</DEPTH>
     <COMPTYPE>E</COMPTYPE>
     <DEFFDNAME/>
     <GROUPNAME/>
     <REFTYPE/>
     <PROXYTYPE/>
     <LANGUFLAG/>
     <EXCLASS>0</EXCLASS>
     <LTRFLDDIS/>
     <BIDICTRLC/>
     <DBPOSITION>0000</DBPOSITION>
     <ANONYMOUS/>
     <OUTPUTSTYLE>00</OUTPUTSTYLE>
     <NOHISTORY/>
     <AMPMFORMAT/>
     <STREAMORLOC/>
     <STRORLOCPOS>00</STRORLOCPOS>
    </DD03P>
    <DD03P>
     <TABNAME>ZFIS_SIMPLE_ACCPOST</TABNAME>
     <FIELDNAME>VALUT</FIELDNAME>
     <DDLANGUAGE/>
     <POSITION>0017</POSITION>
     <KEYFLAG/>
     <MANDATORY/>
     <ROLLNAME>VALUT</ROLLNAME>
     <CHECKTABLE/>
     <ADMINFIELD>0</ADMINFIELD>
     <INTTYPE/>
     <INTLEN>000000</INTLEN>
     <REFTABLE/>
     <PRECFIELD/>
     <REFFIELD/>
     <CONROUT/>
     <NOTNULL/>
     <DOMNAME/>
     <ROUTPUTLEN>000000</ROUTPUTLEN>
     <MEMORYID/>
     <LOGFLAG/>
     <HEADLEN>00</HEADLEN>
     <SCRLEN1>00</SCRLEN1>
     <SCRLEN2>00</SCRLEN2>
     <SCRLEN3>00</SCRLEN3>
     <DTELGLOBAL/>
     <DTELMASTER/>
     <RESERVEDTE/>
     <DATATYPE/>
     <LENG>000000</LENG>
     <OUTPUTLEN>000000</OUTPUTLEN>
     <DECIMALS>000000</DECIMALS>
     <LOWERCASE/>
     <SIGNFLAG/>
     <LANGFLAG/>
     <VALEXI/>
     <ENTITYTAB/>
     <CONVEXIT/>
     <MASK/>
     <MASKLEN>0000</MASKLEN>
     <ACTFLAG/>
     <DDTEXT/>
     <REPTEXT/>
     <SCRTEXT_S/>
     <SCRTEXT_M/>
     <SCRTEXT_L/>
     <DOMMASTER/>
     <RESERVEDOM/>
     <DOMGLOBAL/>
     <DOMNAME3L/>
     <SHLPORIGIN>T</SHLPORIGIN>
     <SHLPNAME/>
     <SHLPFIELD/>
     <TABLETYPE/>
     <DEPTH>00</DEPTH>
     <COMPTYPE>E</COMPTYPE>
     <DEFFDNAME/>
     <GROUPNAME/>
     <REFTYPE/>
     <PROXYTYPE/>
     <LANGUFLAG/>
     <EXCLASS>0</EXCLASS>
     <LTRFLDDIS/>
     <BIDICTRLC/>
     <DBPOSITION>0000</DBPOSITION>
     <ANONYMOUS/>
     <OUTPUTSTYLE>00</OUTPUTSTYLE>
     <NOHISTORY/>
     <AMPMFORMAT/>
     <STREAMORLOC/>
     <STRORLOCPOS>00</STRORLOCPOS>
    </DD03P>
    <DD03P>
     <TABNAME>ZFIS_SIMPLE_ACCPOST</TABNAME>
     <FIELDNAME>SGTXT</FIELDNAME>
     <DDLANGUAGE/>
     <POSITION>0018</POSITION>
     <KEYFLAG/>
     <MANDATORY/>
     <ROLLNAME>SGTXT</ROLLNAME>
     <CHECKTABLE/>
     <ADMINFIELD>0</ADMINFIELD>
     <INTTYPE/>
     <INTLEN>000000</INTLEN>
     <REFTABLE/>
     <PRECFIELD/>
     <REFFIELD/>
     <CONROUT/>
     <NOTNULL/>
     <DOMNAME/>
     <ROUTPUTLEN>000000</ROUTPUTLEN>
     <MEMORYID/>
     <LOGFLAG/>
     <HEADLEN>00</HEADLEN>
     <SCRLEN1>00</SCRLEN1>
     <SCRLEN2>00</SCRLEN2>
     <SCRLEN3>00</SCRLEN3>
     <DTELGLOBAL/>
     <DTELMASTER/>
     <RESERVEDTE/>
     <DATATYPE/>
     <LENG>000000</LENG>
     <OUTPUTLEN>000000</OUTPUTLEN>
     <DECIMALS>000000</DECIMALS>
     <LOWERCASE>X</LOWERCASE>
     <SIGNFLAG/>
     <LANGFLAG/>
     <VALEXI/>
     <ENTITYTAB/>
     <CONVEXIT/>
     <MASK/>
     <MASKLEN>0000</MASKLEN>
     <ACTFLAG/>
     <DDTEXT/>
     <REPTEXT/>
     <SCRTEXT_S/>
     <SCRTEXT_M/>
     <SCRTEXT_L/>
     <DOMMASTER/>
     <RESERVEDOM/>
     <DOMGLOBAL/>
     <DOMNAME3L/>
     <SHLPORIGIN/>
     <SHLPNAME/>
     <SHLPFIELD/>
     <TABLETYPE/>
     <DEPTH>00</DEPTH>
     <COMPTYPE>E</COMPTYPE>
     <DEFFDNAME/>
     <GROUPNAME/>
     <REFTYPE/>
     <PROXYTYPE/>
     <LANGUFLAG/>
     <EXCLASS>0</EXCLASS>
     <LTRFLDDIS/>
     <BIDICTRLC/>
     <DBPOSITION>0000</DBPOSITION>
     <ANONYMOUS/>
     <OUTPUTSTYLE>00</OUTPUTSTYLE>
     <NOHISTORY/>
     <AMPMFORMAT/>
     <STREAMORLOC/>
     <STRORLOCPOS>00</STRORLOCPOS>
    </DD03P>
    <DD03P>
     <TABNAME>ZFIS_SIMPLE_ACCPOST</TABNAME>
     <FIELDNAME>ZUONR</FIELDNAME>
     <DDLANGUAGE/>
     <POSITION>0019</POSITION>
     <KEYFLAG/>
     <MANDATORY/>
     <ROLLNAME>DZUONR</ROLLNAME>
     <CHECKTABLE/>
     <ADMINFIELD>0</ADMINFIELD>
     <INTTYPE/>
     <INTLEN>000000</INTLEN>
     <REFTABLE/>
     <PRECFIELD/>
     <REFFIELD/>
     <CONROUT/>
     <NOTNULL/>
     <DOMNAME/>
     <ROUTPUTLEN>000000</ROUTPUTLEN>
     <MEMORYID/>
     <LOGFLAG/>
     <HEADLEN>00</HEADLEN>
     <SCRLEN1>00</SCRLEN1>
     <SCRLEN2>00</SCRLEN2>
     <SCRLEN3>00</SCRLEN3>
     <DTELGLOBAL/>
     <DTELMASTER/>
     <RESERVEDTE/>
     <DATATYPE/>
     <LENG>000000</LENG>
     <OUTPUTLEN>000000</OUTPUTLEN>
     <DECIMALS>000000</DECIMALS>
     <LOWERCASE>X</LOWERCASE>
     <SIGNFLAG/>
     <LANGFLAG/>
     <VALEXI/>
     <ENTITYTAB/>
     <CONVEXIT/>
     <MASK/>
     <MASKLEN>0000</MASKLEN>
     <ACTFLAG/>
     <DDTEXT/>
     <REPTEXT/>
     <SCRTEXT_S/>
     <SCRTEXT_M/>
     <SCRTEXT_L/>
     <DOMMASTER/>
     <RESERVEDOM/>
     <DOMGLOBAL/>
     <DOMNAME3L/>
     <SHLPORIGIN/>
     <SHLPNAME/>
     <SHLPFIELD/>
     <TABLETYPE/>
     <DEPTH>00</DEPTH>
     <COMPTYPE>E</COMPTYPE>
     <DEFFDNAME/>
     <GROUPNAME/>
     <REFTYPE/>
     <PROXYTYPE/>
     <LANGUFLAG/>
     <EXCLASS>0</EXCLASS>
     <LTRFLDDIS/>
     <BIDICTRLC/>
     <DBPOSITION>0000</DBPOSITION>
     <ANONYMOUS/>
     <OUTPUTSTYLE>00</OUTPUTSTYLE>
     <NOHISTORY/>
     <AMPMFORMAT/>
     <STREAMORLOC/>
     <STRORLOCPOS>00</STRORLOCPOS>
    </DD03P>
    <DD03P>
     <TABNAME>ZFIS_SIMPLE_ACCPOST</TABNAME>
     <FIELDNAME>MWSKZ</FIELDNAME>
     <DDLANGUAGE/>
     <POSITION>0020</POSITION>
     <KEYFLAG/>
     <MANDATORY/>
     <ROLLNAME>MWSKZ</ROLLNAME>
     <CHECKTABLE/>
     <ADMINFIELD>0</ADMINFIELD>
     <INTTYPE/>
     <INTLEN>000000</INTLEN>
     <REFTABLE/>
     <PRECFIELD/>
     <REFFIELD/>
     <CONROUT/>
     <NOTNULL/>
     <DOMNAME/>
     <ROUTPUTLEN>000000</ROUTPUTLEN>
     <MEMORYID/>
     <LOGFLAG/>
     <HEADLEN>00</HEADLEN>
     <SCRLEN1>00</SCRLEN1>
     <SCRLEN2>00</SCRLEN2>
     <SCRLEN3>00</SCRLEN3>
     <DTELGLOBAL/>
     <DTELMASTER/>
     <RESERVEDTE/>
     <DATATYPE/>
     <LENG>000000</LENG>
     <OUTPUTLEN>000000</OUTPUTLEN>
     <DECIMALS>000000</DECIMALS>
     <LOWERCASE/>
     <SIGNFLAG/>
     <LANGFLAG/>
     <VALEXI/>
     <ENTITYTAB/>
     <CONVEXIT/>
     <MASK/>
     <MASKLEN>0000</MASKLEN>
     <ACTFLAG/>
     <DDTEXT/>
     <REPTEXT/>
     <SCRTEXT_S/>
     <SCRTEXT_M/>
     <SCRTEXT_L/>
     <DOMMASTER/>
     <RESERVEDOM/>
     <DOMGLOBAL/>
     <DOMNAME3L/>
     <SHLPORIGIN/>
     <SHLPNAME/>
     <SHLPFIELD/>
     <TABLETYPE/>
     <DEPTH>00</DEPTH>
     <COMPTYPE>E</COMPTYPE>
     <DEFFDNAME/>
     <GROUPNAME/>
     <REFTYPE/>
     <PROXYTYPE/>
     <LANGUFLAG/>
     <EXCLASS>0</EXCLASS>
     <LTRFLDDIS/>
     <BIDICTRLC/>
     <DBPOSITION>0000</DBPOSITION>
     <ANONYMOUS/>
     <OUTPUTSTYLE>00</OUTPUTSTYLE>
     <NOHISTORY/>
     <AMPMFORMAT/>
     <STREAMORLOC/>
     <STRORLOCPOS>00</STRORLOCPOS>
    </DD03P>
    <DD03P>
     <TABNAME>ZFIS_SIMPLE_ACCPOST</TABNAME>
     <FIELDNAME>KOSTL</FIELDNAME>
     <DDLANGUAGE/>
     <POSITION>0021</POSITION>
     <KEYFLAG/>
     <MANDATORY/>
     <ROLLNAME>KOSTL</ROLLNAME>
     <CHECKTABLE/>
     <ADMINFIELD>0</ADMINFIELD>
     <INTTYPE/>
     <INTLEN>000000</INTLEN>
     <REFTABLE/>
     <PRECFIELD/>
     <REFFIELD/>
     <CONROUT/>
     <NOTNULL/>
     <DOMNAME/>
     <ROUTPUTLEN>000000</ROUTPUTLEN>
     <MEMORYID/>
     <LOGFLAG/>
     <HEADLEN>00</HEADLEN>
     <SCRLEN1>00</SCRLEN1>
     <SCRLEN2>00</SCRLEN2>
     <SCRLEN3>00</SCRLEN3>
     <DTELGLOBAL/>
     <DTELMASTER/>
     <RESERVEDTE/>
     <DATATYPE/>
     <LENG>000000</LENG>
     <OUTPUTLEN>000000</OUTPUTLEN>
     <DECIMALS>000000</DECIMALS>
     <LOWERCASE/>
     <SIGNFLAG/>
     <LANGFLAG/>
     <VALEXI/>
     <ENTITYTAB/>
     <CONVEXIT/>
     <MASK/>
     <MASKLEN>0000</MASKLEN>
     <ACTFLAG/>
     <DDTEXT/>
     <REPTEXT/>
     <SCRTEXT_S/>
     <SCRTEXT_M/>
     <SCRTEXT_L/>
     <DOMMASTER/>
     <RESERVEDOM/>
     <DOMGLOBAL/>
     <DOMNAME3L/>
     <SHLPORIGIN/>
     <SHLPNAME/>
     <SHLPFIELD/>
     <TABLETYPE/>
     <DEPTH>00</DEPTH>
     <COMPTYPE>E</COMPTYPE>
     <DEFFDNAME/>
     <GROUPNAME/>
     <REFTYPE/>
     <PROXYTYPE/>
     <LANGUFLAG/>
     <EXCLASS>0</EXCLASS>
     <LTRFLDDIS/>
     <BIDICTRLC/>
     <DBPOSITION>0000</DBPOSITION>
     <ANONYMOUS/>
     <OUTPUTSTYLE>00</OUTPUTSTYLE>
     <NOHISTORY/>
     <AMPMFORMAT/>
     <STREAMORLOC/>
     <STRORLOCPOS>00</STRORLOCPOS>
    </DD03P>
    <DD03P>
     <TABNAME>ZFIS_SIMPLE_ACCPOST</TABNAME>
     <FIELDNAME>XREF1</FIELDNAME>
     <DDLANGUAGE/>
     <POSITION>0022</POSITION>
     <KEYFLAG/>
     <MANDATORY/>
     <ROLLNAME>XREF1</ROLLNAME>
     <CHECKTABLE/>
     <ADMINFIELD>0</ADMINFIELD>
     <INTTYPE/>
     <INTLEN>000000</INTLEN>
     <REFTABLE/>
     <PRECFIELD/>
     <REFFIELD/>
     <CONROUT/>
     <NOTNULL/>
     <DOMNAME/>
     <ROUTPUTLEN>000000</ROUTPUTLEN>
     <MEMORYID/>
     <LOGFLAG/>
     <HEADLEN>00</HEADLEN>
     <SCRLEN1>00</SCRLEN1>
     <SCRLEN2>00</SCRLEN2>
     <SCRLEN3>00</SCRLEN3>
     <DTELGLOBAL/>
     <DTELMASTER/>
     <RESERVEDTE/>
     <DATATYPE/>
     <LENG>000000</LENG>
     <OUTPUTLEN>000000</OUTPUTLEN>
     <DECIMALS>000000</DECIMALS>
     <LOWERCASE/>
     <SIGNFLAG/>
     <LANGFLAG/>
     <VALEXI/>
     <ENTITYTAB/>
     <CONVEXIT/>
     <MASK/>
     <MASKLEN>0000</MASKLEN>
     <ACTFLAG/>
     <DDTEXT/>
     <REPTEXT/>
     <SCRTEXT_S/>
     <SCRTEXT_M/>
     <SCRTEXT_L/>
     <DOMMASTER/>
     <RESERVEDOM/>
     <DOMGLOBAL/>
     <DOMNAME3L/>
     <SHLPORIGIN/>
     <SHLPNAME/>
     <SHLPFIELD/>
     <TABLETYPE/>
     <DEPTH>00</DEPTH>
     <COMPTYPE>E</COMPTYPE>
     <DEFFDNAME/>
     <GROUPNAME/>
     <REFTYPE/>
     <PROXYTYPE/>
     <LANGUFLAG/>
     <EXCLASS>0</EXCLASS>
     <LTRFLDDIS/>
     <BIDICTRLC/>
     <DBPOSITION>0000</DBPOSITION>
     <ANONYMOUS/>
     <OUTPUTSTYLE>00</OUTPUTSTYLE>
     <NOHISTORY/>
     <AMPMFORMAT/>
     <STREAMORLOC/>
     <STRORLOCPOS>00</STRORLOCPOS>
    </DD03P>
    <DD03P>
     <TABNAME>ZFIS_SIMPLE_ACCPOST</TABNAME>
     <FIELDNAME>XREF2</FIELDNAME>
     <DDLANGUAGE/>
     <POSITION>0023</POSITION>
     <KEYFLAG/>
     <MANDATORY/>
     <ROLLNAME>XREF2</ROLLNAME>
     <CHECKTABLE/>
     <ADMINFIELD>0</ADMINFIELD>
     <INTTYPE/>
     <INTLEN>000000</INTLEN>
     <REFTABLE/>
     <PRECFIELD/>
     <REFFIELD/>
     <CONROUT/>
     <NOTNULL/>
     <DOMNAME/>
     <ROUTPUTLEN>000000</ROUTPUTLEN>
     <MEMORYID/>
     <LOGFLAG/>
     <HEADLEN>00</HEADLEN>
     <SCRLEN1>00</SCRLEN1>
     <SCRLEN2>00</SCRLEN2>
     <SCRLEN3>00</SCRLEN3>
     <DTELGLOBAL/>
     <DTELMASTER/>
     <RESERVEDTE/>
     <DATATYPE/>
     <LENG>000000</LENG>
     <OUTPUTLEN>000000</OUTPUTLEN>
     <DECIMALS>000000</DECIMALS>
     <LOWERCASE/>
     <SIGNFLAG/>
     <LANGFLAG/>
     <VALEXI/>
     <ENTITYTAB/>
     <CONVEXIT/>
     <MASK/>
     <MASKLEN>0000</MASKLEN>
     <ACTFLAG/>
     <DDTEXT/>
     <REPTEXT/>
     <SCRTEXT_S/>
     <SCRTEXT_M/>
     <SCRTEXT_L/>
     <DOMMASTER/>
     <RESERVEDOM/>
     <DOMGLOBAL/>
     <DOMNAME3L/>
     <SHLPORIGIN/>
     <SHLPNAME/>
     <SHLPFIELD/>
     <TABLETYPE/>
     <DEPTH>00</DEPTH>
     <COMPTYPE>E</COMPTYPE>
     <DEFFDNAME/>
     <GROUPNAME/>
     <REFTYPE/>
     <PROXYTYPE/>
     <LANGUFLAG/>
     <EXCLASS>0</EXCLASS>
     <LTRFLDDIS/>
     <BIDICTRLC/>
     <DBPOSITION>0000</DBPOSITION>
     <ANONYMOUS/>
     <OUTPUTSTYLE>00</OUTPUTSTYLE>
     <NOHISTORY/>
     <AMPMFORMAT/>
     <STREAMORLOC/>
     <STRORLOCPOS>00</STRORLOCPOS>
    </DD03P>
    <DD03P>
     <TABNAME>ZFIS_SIMPLE_ACCPOST</TABNAME>
     <FIELDNAME>XREF3</FIELDNAME>
     <DDLANGUAGE/>
     <POSITION>0024</POSITION>
     <KEYFLAG/>
     <MANDATORY/>
     <ROLLNAME>XREF3</ROLLNAME>
     <CHECKTABLE/>
     <ADMINFIELD>0</ADMINFIELD>
     <INTTYPE/>
     <INTLEN>000000</INTLEN>
     <REFTABLE/>
     <PRECFIELD/>
     <REFFIELD/>
     <CONROUT/>
     <NOTNULL/>
     <DOMNAME/>
     <ROUTPUTLEN>000000</ROUTPUTLEN>
     <MEMORYID/>
     <LOGFLAG/>
     <HEADLEN>00</HEADLEN>
     <SCRLEN1>00</SCRLEN1>
     <SCRLEN2>00</SCRLEN2>
     <SCRLEN3>00</SCRLEN3>
     <DTELGLOBAL/>
     <DTELMASTER/>
     <RESERVEDTE/>
     <DATATYPE/>
     <LENG>000000</LENG>
     <OUTPUTLEN>000000</OUTPUTLEN>
     <DECIMALS>000000</DECIMALS>
     <LOWERCASE/>
     <SIGNFLAG/>
     <LANGFLAG/>
     <VALEXI/>
     <ENTITYTAB/>
     <CONVEXIT/>
     <MASK/>
     <MASKLEN>0000</MASKLEN>
     <ACTFLAG/>
     <DDTEXT/>
     <REPTEXT/>
     <SCRTEXT_S/>
     <SCRTEXT_M/>
     <SCRTEXT_L/>
     <DOMMASTER/>
     <RESERVEDOM/>
     <DOMGLOBAL/>
     <DOMNAME3L/>
     <SHLPORIGIN/>
     <SHLPNAME/>
     <SHLPFIELD/>
     <TABLETYPE/>
     <DEPTH>00</DEPTH>
     <COMPTYPE>E</COMPTYPE>
     <DEFFDNAME/>
     <GROUPNAME/>
     <REFTYPE/>
     <PROXYTYPE/>
     <LANGUFLAG/>
     <EXCLASS>0</EXCLASS>
     <LTRFLDDIS/>
     <BIDICTRLC/>
     <DBPOSITION>0000</DBPOSITION>
     <ANONYMOUS/>
     <OUTPUTSTYLE>00</OUTPUTSTYLE>
     <NOHISTORY/>
     <AMPMFORMAT/>
     <STREAMORLOC/>
     <STRORLOCPOS>00</STRORLOCPOS>
    </DD03P>
    <DD03P>
     <TABNAME>ZFIS_SIMPLE_ACCPOST</TABNAME>
     <FIELDNAME>ZTERM</FIELDNAME>
     <DDLANGUAGE/>
     <POSITION>0025</POSITION>
     <KEYFLAG/>
     <MANDATORY/>
     <ROLLNAME>ACPI_ZTERM</ROLLNAME>
     <CHECKTABLE/>
     <ADMINFIELD>0</ADMINFIELD>
     <INTTYPE/>
     <INTLEN>000000</INTLEN>
     <REFTABLE/>
     <PRECFIELD/>
     <REFFIELD/>
     <CONROUT/>
     <NOTNULL/>
     <DOMNAME/>
     <ROUTPUTLEN>000000</ROUTPUTLEN>
     <MEMORYID/>
     <LOGFLAG/>
     <HEADLEN>00</HEADLEN>
     <SCRLEN1>00</SCRLEN1>
     <SCRLEN2>00</SCRLEN2>
     <SCRLEN3>00</SCRLEN3>
     <DTELGLOBAL/>
     <DTELMASTER/>
     <RESERVEDTE/>
     <DATATYPE/>
     <LENG>000000</LENG>
     <OUTPUTLEN>000000</OUTPUTLEN>
     <DECIMALS>000000</DECIMALS>
     <LOWERCASE/>
     <SIGNFLAG/>
     <LANGFLAG/>
     <VALEXI/>
     <ENTITYTAB/>
     <CONVEXIT/>
     <MASK/>
     <MASKLEN>0000</MASKLEN>
     <ACTFLAG/>
     <DDTEXT/>
     <REPTEXT/>
     <SCRTEXT_S/>
     <SCRTEXT_M/>
     <SCRTEXT_L/>
     <DOMMASTER/>
     <RESERVEDOM/>
     <DOMGLOBAL/>
     <DOMNAME3L/>
     <SHLPORIGIN/>
     <SHLPNAME/>
     <SHLPFIELD/>
     <TABLETYPE/>
     <DEPTH>00</DEPTH>
     <COMPTYPE>E</COMPTYPE>
     <DEFFDNAME/>
     <GROUPNAME/>
     <REFTYPE/>
     <PROXYTYPE/>
     <LANGUFLAG/>
     <EXCLASS>0</EXCLASS>
     <LTRFLDDIS/>
     <BIDICTRLC/>
     <DBPOSITION>0000</DBPOSITION>
     <ANONYMOUS/>
     <OUTPUTSTYLE>00</OUTPUTSTYLE>
     <NOHISTORY/>
     <AMPMFORMAT/>
     <STREAMORLOC/>
     <STRORLOCPOS>00</STRORLOCPOS>
    </DD03P>
    <DD03P>
     <TABNAME>ZFIS_SIMPLE_ACCPOST</TABNAME>
     <FIELDNAME>ZFBDT</FIELDNAME>
     <DDLANGUAGE/>
     <POSITION>0026</POSITION>
     <KEYFLAG/>
     <MANDATORY/>
     <ROLLNAME>ACPI_ZFBDT</ROLLNAME>
     <CHECKTABLE/>
     <ADMINFIELD>0</ADMINFIELD>
     <INTTYPE/>
     <INTLEN>000000</INTLEN>
     <REFTABLE/>
     <PRECFIELD/>
     <REFFIELD/>
     <CONROUT/>
     <NOTNULL/>
     <DOMNAME/>
     <ROUTPUTLEN>000000</ROUTPUTLEN>
     <MEMORYID/>
     <LOGFLAG/>
     <HEADLEN>00</HEADLEN>
     <SCRLEN1>00</SCRLEN1>
     <SCRLEN2>00</SCRLEN2>
     <SCRLEN3>00</SCRLEN3>
     <DTELGLOBAL/>
     <DTELMASTER/>
     <RESERVEDTE/>
     <DATATYPE/>
     <LENG>000000</LENG>
     <OUTPUTLEN>000000</OUTPUTLEN>
     <DECIMALS>000000</DECIMALS>
     <LOWERCASE/>
     <SIGNFLAG/>
     <LANGFLAG/>
     <VALEXI/>
     <ENTITYTAB/>
     <CONVEXIT/>
     <MASK/>
     <MASKLEN>0000</MASKLEN>
     <ACTFLAG/>
     <DDTEXT/>
     <REPTEXT/>
     <SCRTEXT_S/>
     <SCRTEXT_M/>
     <SCRTEXT_L/>
     <DOMMASTER/>
     <RESERVEDOM/>
     <DOMGLOBAL/>
     <DOMNAME3L/>
     <SHLPORIGIN>T</SHLPORIGIN>
     <SHLPNAME/>
     <SHLPFIELD/>
     <TABLETYPE/>
     <DEPTH>00</DEPTH>
     <COMPTYPE>E</COMPTYPE>
     <DEFFDNAME/>
     <GROUPNAME/>
     <REFTYPE/>
     <PROXYTYPE/>
     <LANGUFLAG/>
     <EXCLASS>0</EXCLASS>
     <LTRFLDDIS/>
     <BIDICTRLC/>
     <DBPOSITION>0000</DBPOSITION>
     <ANONYMOUS/>
     <OUTPUTSTYLE>00</OUTPUTSTYLE>
     <NOHISTORY/>
     <AMPMFORMAT/>
     <STREAMORLOC/>
     <STRORLOCPOS>00</STRORLOCPOS>
    </DD03P>
    <DD03P>
     <TABNAME>ZFIS_SIMPLE_ACCPOST</TABNAME>
     <FIELDNAME>ZBD1T</FIELDNAME>
     <DDLANGUAGE/>
     <POSITION>0027</POSITION>
     <KEYFLAG/>
     <MANDATORY/>
     <ROLLNAME>ACPI_ZBD1T</ROLLNAME>
     <CHECKTABLE/>
     <ADMINFIELD>0</ADMINFIELD>
     <INTTYPE/>
     <INTLEN>000000</INTLEN>
     <REFTABLE/>
     <PRECFIELD/>
     <REFFIELD/>
     <CONROUT/>
     <NOTNULL/>
     <DOMNAME/>
     <ROUTPUTLEN>000000</ROUTPUTLEN>
     <MEMORYID/>
     <LOGFLAG/>
     <HEADLEN>00</HEADLEN>
     <SCRLEN1>00</SCRLEN1>
     <SCRLEN2>00</SCRLEN2>
     <SCRLEN3>00</SCRLEN3>
     <DTELGLOBAL/>
     <DTELMASTER/>
     <RESERVEDTE/>
     <DATATYPE/>
     <LENG>000000</LENG>
     <OUTPUTLEN>000000</OUTPUTLEN>
     <DECIMALS>000000</DECIMALS>
     <LOWERCASE/>
     <SIGNFLAG/>
     <LANGFLAG/>
     <VALEXI/>
     <ENTITYTAB/>
     <CONVEXIT/>
     <MASK/>
     <MASKLEN>0000</MASKLEN>
     <ACTFLAG/>
     <DDTEXT/>
     <REPTEXT/>
     <SCRTEXT_S/>
     <SCRTEXT_M/>
     <SCRTEXT_L/>
     <DOMMASTER/>
     <RESERVEDOM/>
     <DOMGLOBAL/>
     <DOMNAME3L/>
     <SHLPORIGIN/>
     <SHLPNAME/>
     <SHLPFIELD/>
     <TABLETYPE/>
     <DEPTH>00</DEPTH>
     <COMPTYPE>E</COMPTYPE>
     <DEFFDNAME/>
     <GROUPNAME/>
     <REFTYPE/>
     <PROXYTYPE/>
     <LANGUFLAG/>
     <EXCLASS>0</EXCLASS>
     <LTRFLDDIS/>
     <BIDICTRLC/>
     <DBPOSITION>0000</DBPOSITION>
     <ANONYMOUS/>
     <OUTPUTSTYLE>00</OUTPUTSTYLE>
     <NOHISTORY/>
     <AMPMFORMAT/>
     <STREAMORLOC/>
     <STRORLOCPOS>00</STRORLOCPOS>
    </DD03P>
    <DD03P>
     <TABNAME>ZFIS_SIMPLE_ACCPOST</TABNAME>
     <FIELDNAME>ZLSCH</FIELDNAME>
     <DDLANGUAGE/>
     <POSITION>0028</POSITION>
     <KEYFLAG/>
     <MANDATORY/>
     <ROLLNAME>ACPI_ZLSCH</ROLLNAME>
     <CHECKTABLE/>
     <ADMINFIELD>0</ADMINFIELD>
     <INTTYPE/>
     <INTLEN>000000</INTLEN>
     <REFTABLE/>
     <PRECFIELD/>
     <REFFIELD/>
     <CONROUT/>
     <NOTNULL/>
     <DOMNAME/>
     <ROUTPUTLEN>000000</ROUTPUTLEN>
     <MEMORYID/>
     <LOGFLAG/>
     <HEADLEN>00</HEADLEN>
     <SCRLEN1>00</SCRLEN1>
     <SCRLEN2>00</SCRLEN2>
     <SCRLEN3>00</SCRLEN3>
     <DTELGLOBAL/>
     <DTELMASTER/>
     <RESERVEDTE/>
     <DATATYPE/>
     <LENG>000000</LENG>
     <OUTPUTLEN>000000</OUTPUTLEN>
     <DECIMALS>000000</DECIMALS>
     <LOWERCASE/>
     <SIGNFLAG/>
     <LANGFLAG/>
     <VALEXI/>
     <ENTITYTAB/>
     <CONVEXIT/>
     <MASK/>
     <MASKLEN>0000</MASKLEN>
     <ACTFLAG/>
     <DDTEXT/>
     <REPTEXT/>
     <SCRTEXT_S/>
     <SCRTEXT_M/>
     <SCRTEXT_L/>
     <DOMMASTER/>
     <RESERVEDOM/>
     <DOMGLOBAL/>
     <DOMNAME3L/>
     <SHLPORIGIN/>
     <SHLPNAME/>
     <SHLPFIELD/>
     <TABLETYPE/>
     <DEPTH>00</DEPTH>
     <COMPTYPE>E</COMPTYPE>
     <DEFFDNAME/>
     <GROUPNAME/>
     <REFTYPE/>
     <PROXYTYPE/>
     <LANGUFLAG/>
     <EXCLASS>0</EXCLASS>
     <LTRFLDDIS/>
     <BIDICTRLC/>
     <DBPOSITION>0000</DBPOSITION>
     <ANONYMOUS/>
     <OUTPUTSTYLE>00</OUTPUTSTYLE>
     <NOHISTORY/>
     <AMPMFORMAT/>
     <STREAMORLOC/>
     <STRORLOCPOS>00</STRORLOCPOS>
    </DD03P>
    <DD03P>
     <TABNAME>ZFIS_SIMPLE_ACCPOST</TABNAME>
     <FIELDNAME>ZLSPR</FIELDNAME>
     <DDLANGUAGE/>
     <POSITION>0029</POSITION>
     <KEYFLAG/>
     <MANDATORY/>
     <ROLLNAME>ACPI_ZLSPR</ROLLNAME>
     <CHECKTABLE/>
     <ADMINFIELD>0</ADMINFIELD>
     <INTTYPE/>
     <INTLEN>000000</INTLEN>
     <REFTABLE/>
     <PRECFIELD/>
     <REFFIELD/>
     <CONROUT/>
     <NOTNULL/>
     <DOMNAME/>
     <ROUTPUTLEN>000000</ROUTPUTLEN>
     <MEMORYID/>
     <LOGFLAG/>
     <HEADLEN>00</HEADLEN>
     <SCRLEN1>00</SCRLEN1>
     <SCRLEN2>00</SCRLEN2>
     <SCRLEN3>00</SCRLEN3>
     <DTELGLOBAL/>
     <DTELMASTER/>
     <RESERVEDTE/>
     <DATATYPE/>
     <LENG>000000</LENG>
     <OUTPUTLEN>000000</OUTPUTLEN>
     <DECIMALS>000000</DECIMALS>
     <LOWERCASE/>
     <SIGNFLAG/>
     <LANGFLAG/>
     <VALEXI/>
     <ENTITYTAB/>
     <CONVEXIT/>
     <MASK/>
     <MASKLEN>0000</MASKLEN>
     <ACTFLAG/>
     <DDTEXT/>
     <REPTEXT/>
     <SCRTEXT_S/>
     <SCRTEXT_M/>
     <SCRTEXT_L/>
     <DOMMASTER/>
     <RESERVEDOM/>
     <DOMGLOBAL/>
     <DOMNAME3L/>
     <SHLPORIGIN/>
     <SHLPNAME/>
     <SHLPFIELD/>
     <TABLETYPE/>
     <DEPTH>00</DEPTH>
     <COMPTYPE>E</COMPTYPE>
     <DEFFDNAME/>
     <GROUPNAME/>
     <REFTYPE/>
     <PROXYTYPE/>
     <LANGUFLAG/>
     <EXCLASS>0</EXCLASS>
     <LTRFLDDIS/>
     <BIDICTRLC/>
     <DBPOSITION>0000</DBPOSITION>
     <ANONYMOUS/>
     <OUTPUTSTYLE>00</OUTPUTSTYLE>
     <NOHISTORY/>
     <AMPMFORMAT/>
     <STREAMORLOC/>
     <STRORLOCPOS>00</STRORLOCPOS>
    </DD03P>
    <DD03P>
     <TABNAME>ZFIS_SIMPLE_ACCPOST</TABNAME>
     <FIELDNAME>HBKID</FIELDNAME>
     <DDLANGUAGE/>
     <POSITION>0030</POSITION>
     <KEYFLAG/>
     <MANDATORY/>
     <ROLLNAME>HBKID</ROLLNAME>
     <CHECKTABLE/>
     <ADMINFIELD>0</ADMINFIELD>
     <INTTYPE/>
     <INTLEN>000000</INTLEN>
     <REFTABLE/>
     <PRECFIELD/>
     <REFFIELD/>
     <CONROUT/>
     <NOTNULL/>
     <DOMNAME/>
     <ROUTPUTLEN>000000</ROUTPUTLEN>
     <MEMORYID/>
     <LOGFLAG/>
     <HEADLEN>00</HEADLEN>
     <SCRLEN1>00</SCRLEN1>
     <SCRLEN2>00</SCRLEN2>
     <SCRLEN3>00</SCRLEN3>
     <DTELGLOBAL/>
     <DTELMASTER/>
     <RESERVEDTE/>
     <DATATYPE/>
     <LENG>000000</LENG>
     <OUTPUTLEN>000000</OUTPUTLEN>
     <DECIMALS>000000</DECIMALS>
     <LOWERCASE/>
     <SIGNFLAG/>
     <LANGFLAG/>
     <VALEXI/>
     <ENTITYTAB/>
     <CONVEXIT/>
     <MASK/>
     <MASKLEN>0000</MASKLEN>
     <ACTFLAG/>
     <DDTEXT/>
     <REPTEXT/>
     <SCRTEXT_S/>
     <SCRTEXT_M/>
     <SCRTEXT_L/>
     <DOMMASTER/>
     <RESERVEDOM/>
     <DOMGLOBAL/>
     <DOMNAME3L/>
     <SHLPORIGIN/>
     <SHLPNAME/>
     <SHLPFIELD/>
     <TABLETYPE/>
     <DEPTH>00</DEPTH>
     <COMPTYPE>E</COMPTYPE>
     <DEFFDNAME/>
     <GROUPNAME/>
     <REFTYPE/>
     <PROXYTYPE/>
     <LANGUFLAG/>
     <EXCLASS>0</EXCLASS>
     <LTRFLDDIS/>
     <BIDICTRLC/>
     <DBPOSITION>0000</DBPOSITION>
     <ANONYMOUS/>
     <OUTPUTSTYLE>00</OUTPUTSTYLE>
     <NOHISTORY/>
     <AMPMFORMAT/>
     <STREAMORLOC/>
     <STRORLOCPOS>00</STRORLOCPOS>
    </DD03P>
    <DD03P>
     <TABNAME>ZFIS_SIMPLE_ACCPOST</TABNAME>
     <FIELDNAME>HKTID</FIELDNAME>
     <DDLANGUAGE/>
     <POSITION>0031</POSITION>
     <KEYFLAG/>
     <MANDATORY/>
     <ROLLNAME>HKTID</ROLLNAME>
     <CHECKTABLE/>
     <ADMINFIELD>0</ADMINFIELD>
     <INTTYPE/>
     <INTLEN>000000</INTLEN>
     <REFTABLE/>
     <PRECFIELD/>
     <REFFIELD/>
     <CONROUT/>
     <NOTNULL/>
     <DOMNAME/>
     <ROUTPUTLEN>000000</ROUTPUTLEN>
     <MEMORYID/>
     <LOGFLAG/>
     <HEADLEN>00</HEADLEN>
     <SCRLEN1>00</SCRLEN1>
     <SCRLEN2>00</SCRLEN2>
     <SCRLEN3>00</SCRLEN3>
     <DTELGLOBAL/>
     <DTELMASTER/>
     <RESERVEDTE/>
     <DATATYPE/>
     <LENG>000000</LENG>
     <OUTPUTLEN>000000</OUTPUTLEN>
     <DECIMALS>000000</DECIMALS>
     <LOWERCASE/>
     <SIGNFLAG/>
     <LANGFLAG/>
     <VALEXI/>
     <ENTITYTAB/>
     <CONVEXIT/>
     <MASK/>
     <MASKLEN>0000</MASKLEN>
     <ACTFLAG/>
     <DDTEXT/>
     <REPTEXT/>
     <SCRTEXT_S/>
     <SCRTEXT_M/>
     <SCRTEXT_L/>
     <DOMMASTER/>
     <RESERVEDOM/>
     <DOMGLOBAL/>
     <DOMNAME3L/>
     <SHLPORIGIN/>
     <SHLPNAME/>
     <SHLPFIELD/>
     <TABLETYPE/>
     <DEPTH>00</DEPTH>
     <COMPTYPE>E</COMPTYPE>
     <DEFFDNAME/>
     <GROUPNAME/>
     <REFTYPE/>
     <PROXYTYPE/>
     <LANGUFLAG/>
     <EXCLASS>0</EXCLASS>
     <LTRFLDDIS/>
     <BIDICTRLC/>
     <DBPOSITION>0000</DBPOSITION>
     <ANONYMOUS/>
     <OUTPUTSTYLE>00</OUTPUTSTYLE>
     <NOHISTORY/>
     <AMPMFORMAT/>
     <STREAMORLOC/>
     <STRORLOCPOS>00</STRORLOCPOS>
    </DD03P>
    <DD03P>
     <TABNAME>ZFIS_SIMPLE_ACCPOST</TABNAME>
     <FIELDNAME>NAME</FIELDNAME>
     <DDLANGUAGE/>
     <POSITION>0032</POSITION>
     <KEYFLAG/>
     <MANDATORY/>
     <ROLLNAME>NAME1_GP</ROLLNAME>
     <CHECKTABLE/>
     <ADMINFIELD>0</ADMINFIELD>
     <INTTYPE/>
     <INTLEN>000000</INTLEN>
     <REFTABLE/>
     <PRECFIELD/>
     <REFFIELD/>
     <CONROUT/>
     <NOTNULL/>
     <DOMNAME/>
     <ROUTPUTLEN>000000</ROUTPUTLEN>
     <MEMORYID/>
     <LOGFLAG/>
     <HEADLEN>00</HEADLEN>
     <SCRLEN1>00</SCRLEN1>
     <SCRLEN2>00</SCRLEN2>
     <SCRLEN3>00</SCRLEN3>
     <DTELGLOBAL/>
     <DTELMASTER/>
     <RESERVEDTE/>
     <DATATYPE/>
     <LENG>000000</LENG>
     <OUTPUTLEN>000000</OUTPUTLEN>
     <DECIMALS>000000</DECIMALS>
     <LOWERCASE>X</LOWERCASE>
     <SIGNFLAG/>
     <LANGFLAG/>
     <VALEXI/>
     <ENTITYTAB/>
     <CONVEXIT/>
     <MASK/>
     <MASKLEN>0000</MASKLEN>
     <ACTFLAG/>
     <DDTEXT/>
     <REPTEXT/>
     <SCRTEXT_S/>
     <SCRTEXT_M/>
     <SCRTEXT_L/>
     <DOMMASTER/>
     <RESERVEDOM/>
     <DOMGLOBAL/>
     <DOMNAME3L/>
     <SHLPORIGIN/>
     <SHLPNAME/>
     <SHLPFIELD/>
     <TABLETYPE/>
     <DEPTH>00</DEPTH>
     <COMPTYPE>E</COMPTYPE>
     <DEFFDNAME/>
     <GROUPNAME/>
     <REFTYPE/>
     <PROXYTYPE/>
     <LANGUFLAG/>
     <EXCLASS>0</EXCLASS>
     <LTRFLDDIS/>
     <BIDICTRLC/>
     <DBPOSITION>0000</DBPOSITION>
     <ANONYMOUS/>
     <OUTPUTSTYLE>00</OUTPUTSTYLE>
     <NOHISTORY/>
     <AMPMFORMAT/>
     <STREAMORLOC/>
     <STRORLOCPOS>00</STRORLOCPOS>
    </DD03P>
    <DD03P>
     <TABNAME>ZFIS_SIMPLE_ACCPOST</TABNAME>
     <FIELDNAME>POSTL_CODE</FIELDNAME>
     <DDLANGUAGE/>
     <POSITION>0033</POSITION>
     <KEYFLAG/>
     <MANDATORY/>
     <ROLLNAME>PSTLZ</ROLLNAME>
     <CHECKTABLE/>
     <ADMINFIELD>0</ADMINFIELD>
     <INTTYPE/>
     <INTLEN>000000</INTLEN>
     <REFTABLE/>
     <PRECFIELD/>
     <REFFIELD/>
     <CONROUT/>
     <NOTNULL/>
     <DOMNAME/>
     <ROUTPUTLEN>000000</ROUTPUTLEN>
     <MEMORYID/>
     <LOGFLAG/>
     <HEADLEN>00</HEADLEN>
     <SCRLEN1>00</SCRLEN1>
     <SCRLEN2>00</SCRLEN2>
     <SCRLEN3>00</SCRLEN3>
     <DTELGLOBAL/>
     <DTELMASTER/>
     <RESERVEDTE/>
     <DATATYPE/>
     <LENG>000000</LENG>
     <OUTPUTLEN>000000</OUTPUTLEN>
     <DECIMALS>000000</DECIMALS>
     <LOWERCASE/>
     <SIGNFLAG/>
     <LANGFLAG/>
     <VALEXI/>
     <ENTITYTAB/>
     <CONVEXIT/>
     <MASK/>
     <MASKLEN>0000</MASKLEN>
     <ACTFLAG/>
     <DDTEXT/>
     <REPTEXT/>
     <SCRTEXT_S/>
     <SCRTEXT_M/>
     <SCRTEXT_L/>
     <DOMMASTER/>
     <RESERVEDOM/>
     <DOMGLOBAL/>
     <DOMNAME3L/>
     <SHLPORIGIN/>
     <SHLPNAME/>
     <SHLPFIELD/>
     <TABLETYPE/>
     <DEPTH>00</DEPTH>
     <COMPTYPE>E</COMPTYPE>
     <DEFFDNAME/>
     <GROUPNAME/>
     <REFTYPE/>
     <PROXYTYPE/>
     <LANGUFLAG/>
     <EXCLASS>0</EXCLASS>
     <LTRFLDDIS/>
     <BIDICTRLC/>
     <DBPOSITION>0000</DBPOSITION>
     <ANONYMOUS/>
     <OUTPUTSTYLE>00</OUTPUTSTYLE>
     <NOHISTORY/>
     <AMPMFORMAT/>
     <STREAMORLOC/>
     <STRORLOCPOS>00</STRORLOCPOS>
    </DD03P>
    <DD03P>
     <TABNAME>ZFIS_SIMPLE_ACCPOST</TABNAME>
     <FIELDNAME>COUNTRY_ISO</FIELDNAME>
     <DDLANGUAGE/>
     <POSITION>0034</POSITION>
     <KEYFLAG/>
     <MANDATORY/>
     <ROLLNAME>LAND1_ISO</ROLLNAME>
     <CHECKTABLE/>
     <ADMINFIELD>0</ADMINFIELD>
     <INTTYPE/>
     <INTLEN>000000</INTLEN>
     <REFTABLE/>
     <PRECFIELD/>
     <REFFIELD/>
     <CONROUT/>
     <NOTNULL/>
     <DOMNAME/>
     <ROUTPUTLEN>000000</ROUTPUTLEN>
     <MEMORYID/>
     <LOGFLAG/>
     <HEADLEN>00</HEADLEN>
     <SCRLEN1>00</SCRLEN1>
     <SCRLEN2>00</SCRLEN2>
     <SCRLEN3>00</SCRLEN3>
     <DTELGLOBAL/>
     <DTELMASTER/>
     <RESERVEDTE/>
     <DATATYPE/>
     <LENG>000000</LENG>
     <OUTPUTLEN>000000</OUTPUTLEN>
     <DECIMALS>000000</DECIMALS>
     <LOWERCASE/>
     <SIGNFLAG/>
     <LANGFLAG/>
     <VALEXI/>
     <ENTITYTAB/>
     <CONVEXIT/>
     <MASK/>
     <MASKLEN>0000</MASKLEN>
     <ACTFLAG/>
     <DDTEXT/>
     <REPTEXT/>
     <SCRTEXT_S/>
     <SCRTEXT_M/>
     <SCRTEXT_L/>
     <DOMMASTER/>
     <RESERVEDOM/>
     <DOMGLOBAL/>
     <DOMNAME3L/>
     <SHLPORIGIN/>
     <SHLPNAME/>
     <SHLPFIELD/>
     <TABLETYPE/>
     <DEPTH>00</DEPTH>
     <COMPTYPE>E</COMPTYPE>
     <DEFFDNAME/>
     <GROUPNAME/>
     <REFTYPE/>
     <PROXYTYPE/>
     <LANGUFLAG/>
     <EXCLASS>0</EXCLASS>
     <LTRFLDDIS/>
     <BIDICTRLC/>
     <DBPOSITION>0000</DBPOSITION>
     <ANONYMOUS/>
     <OUTPUTSTYLE>00</OUTPUTSTYLE>
     <NOHISTORY/>
     <AMPMFORMAT/>
     <STREAMORLOC/>
     <STRORLOCPOS>00</STRORLOCPOS>
    </DD03P>
    <DD03P>
     <TABNAME>ZFIS_SIMPLE_ACCPOST</TABNAME>
     <FIELDNAME>CITY</FIELDNAME>
     <DDLANGUAGE/>
     <POSITION>0035</POSITION>
     <KEYFLAG/>
     <MANDATORY/>
     <ROLLNAME>ORT01_GP</ROLLNAME>
     <CHECKTABLE/>
     <ADMINFIELD>0</ADMINFIELD>
     <INTTYPE/>
     <INTLEN>000000</INTLEN>
     <REFTABLE/>
     <PRECFIELD/>
     <REFFIELD/>
     <CONROUT/>
     <NOTNULL/>
     <DOMNAME/>
     <ROUTPUTLEN>000000</ROUTPUTLEN>
     <MEMORYID/>
     <LOGFLAG/>
     <HEADLEN>00</HEADLEN>
     <SCRLEN1>00</SCRLEN1>
     <SCRLEN2>00</SCRLEN2>
     <SCRLEN3>00</SCRLEN3>
     <DTELGLOBAL/>
     <DTELMASTER/>
     <RESERVEDTE/>
     <DATATYPE/>
     <LENG>000000</LENG>
     <OUTPUTLEN>000000</OUTPUTLEN>
     <DECIMALS>000000</DECIMALS>
     <LOWERCASE>X</LOWERCASE>
     <SIGNFLAG/>
     <LANGFLAG/>
     <VALEXI/>
     <ENTITYTAB/>
     <CONVEXIT/>
     <MASK/>
     <MASKLEN>0000</MASKLEN>
     <ACTFLAG/>
     <DDTEXT/>
     <REPTEXT/>
     <SCRTEXT_S/>
     <SCRTEXT_M/>
     <SCRTEXT_L/>
     <DOMMASTER/>
     <RESERVEDOM/>
     <DOMGLOBAL/>
     <DOMNAME3L/>
     <SHLPORIGIN/>
     <SHLPNAME/>
     <SHLPFIELD/>
     <TABLETYPE/>
     <DEPTH>00</DEPTH>
     <COMPTYPE>E</COMPTYPE>
     <DEFFDNAME/>
     <GROUPNAME/>
     <REFTYPE/>
     <PROXYTYPE/>
     <LANGUFLAG/>
     <EXCLASS>0</EXCLASS>
     <LTRFLDDIS/>
     <BIDICTRLC/>
     <DBPOSITION>0000</DBPOSITION>
     <ANONYMOUS/>
     <OUTPUTSTYLE>00</OUTPUTSTYLE>
     <NOHISTORY/>
     <AMPMFORMAT/>
     <STREAMORLOC/>
     <STRORLOCPOS>00</STRORLOCPOS>
    </DD03P>
    <DD03P>
     <TABNAME>ZFIS_SIMPLE_ACCPOST</TABNAME>
     <FIELDNAME>STREET</FIELDNAME>
     <DDLANGUAGE/>
     <POSITION>0036</POSITION>
     <KEYFLAG/>
     <MANDATORY/>
     <ROLLNAME>STRAS_GP</ROLLNAME>
     <CHECKTABLE/>
     <ADMINFIELD>0</ADMINFIELD>
     <INTTYPE/>
     <INTLEN>000000</INTLEN>
     <REFTABLE/>
     <PRECFIELD/>
     <REFFIELD/>
     <CONROUT/>
     <NOTNULL/>
     <DOMNAME/>
     <ROUTPUTLEN>000000</ROUTPUTLEN>
     <MEMORYID/>
     <LOGFLAG/>
     <HEADLEN>00</HEADLEN>
     <SCRLEN1>00</SCRLEN1>
     <SCRLEN2>00</SCRLEN2>
     <SCRLEN3>00</SCRLEN3>
     <DTELGLOBAL/>
     <DTELMASTER/>
     <RESERVEDTE/>
     <DATATYPE/>
     <LENG>000000</LENG>
     <OUTPUTLEN>000000</OUTPUTLEN>
     <DECIMALS>000000</DECIMALS>
     <LOWERCASE>X</LOWERCASE>
     <SIGNFLAG/>
     <LANGFLAG/>
     <VALEXI/>
     <ENTITYTAB/>
     <CONVEXIT/>
     <MASK/>
     <MASKLEN>0000</MASKLEN>
     <ACTFLAG/>
     <DDTEXT/>
     <REPTEXT/>
     <SCRTEXT_S/>
     <SCRTEXT_M/>
     <SCRTEXT_L/>
     <DOMMASTER/>
     <RESERVEDOM/>
     <DOMGLOBAL/>
     <DOMNAME3L/>
     <SHLPORIGIN/>
     <SHLPNAME/>
     <SHLPFIELD/>
     <TABLETYPE/>
     <DEPTH>00</DEPTH>
     <COMPTYPE>E</COMPTYPE>
     <DEFFDNAME/>
     <GROUPNAME/>
     <REFTYPE/>
     <PROXYTYPE/>
     <LANGUFLAG/>
     <EXCLASS>0</EXCLASS>
     <LTRFLDDIS/>
     <BIDICTRLC/>
     <DBPOSITION>0000</DBPOSITION>
     <ANONYMOUS/>
     <OUTPUTSTYLE>00</OUTPUTSTYLE>
     <NOHISTORY/>
     <AMPMFORMAT/>
     <STREAMORLOC/>
     <STRORLOCPOS>00</STRORLOCPOS>
    </DD03P>
    <DD03P>
     <TABNAME>ZFIS_SIMPLE_ACCPOST</TABNAME>
     <FIELDNAME>TAX_NO_1</FIELDNAME>
     <DDLANGUAGE/>
     <POSITION>0037</POSITION>
     <KEYFLAG/>
     <MANDATORY/>
     <ROLLNAME>STCD1</ROLLNAME>
     <CHECKTABLE/>
     <ADMINFIELD>0</ADMINFIELD>
     <INTTYPE/>
     <INTLEN>000000</INTLEN>
     <REFTABLE/>
     <PRECFIELD/>
     <REFFIELD/>
     <CONROUT/>
     <NOTNULL/>
     <DOMNAME/>
     <ROUTPUTLEN>000000</ROUTPUTLEN>
     <MEMORYID/>
     <LOGFLAG/>
     <HEADLEN>00</HEADLEN>
     <SCRLEN1>00</SCRLEN1>
     <SCRLEN2>00</SCRLEN2>
     <SCRLEN3>00</SCRLEN3>
     <DTELGLOBAL/>
     <DTELMASTER/>
     <RESERVEDTE/>
     <DATATYPE/>
     <LENG>000000</LENG>
     <OUTPUTLEN>000000</OUTPUTLEN>
     <DECIMALS>000000</DECIMALS>
     <LOWERCASE/>
     <SIGNFLAG/>
     <LANGFLAG/>
     <VALEXI/>
     <ENTITYTAB/>
     <CONVEXIT/>
     <MASK/>
     <MASKLEN>0000</MASKLEN>
     <ACTFLAG/>
     <DDTEXT/>
     <REPTEXT/>
     <SCRTEXT_S/>
     <SCRTEXT_M/>
     <SCRTEXT_L/>
     <DOMMASTER/>
     <RESERVEDOM/>
     <DOMGLOBAL/>
     <DOMNAME3L/>
     <SHLPORIGIN/>
     <SHLPNAME/>
     <SHLPFIELD/>
     <TABLETYPE/>
     <DEPTH>00</DEPTH>
     <COMPTYPE>E</COMPTYPE>
     <DEFFDNAME/>
     <GROUPNAME/>
     <REFTYPE/>
     <PROXYTYPE/>
     <LANGUFLAG/>
     <EXCLASS>0</EXCLASS>
     <LTRFLDDIS/>
     <BIDICTRLC/>
     <DBPOSITION>0000</DBPOSITION>
     <ANONYMOUS/>
     <OUTPUTSTYLE>00</OUTPUTSTYLE>
     <NOHISTORY/>
     <AMPMFORMAT/>
     <STREAMORLOC/>
     <STRORLOCPOS>00</STRORLOCPOS>
    </DD03P>
   </DD03P_TABLE>
   <DD05M_TABLE/>
   <DD08V_TABLE/>
   <DD12V/>
   <DD17V/>
   <DD35V_TALE/>
   <DD36M/>
  </asx:values>
 </asx:abap>
</abapGit>
