﻿<?xml version="1.0" encoding="utf-8"?>
<abapGit version="v1.0.0" serializer="LCL_OBJECT_CLAS" serializer_version="v1.0.0">
 <asx:abap xmlns:asx="http://www.sap.com/abapxml" version="1.0">
  <asx:values>
   <VSEOCLASS>
    <CLSNAME>ZCL_SIMPLE_ACC_POST</CLSNAME>
    <VERSION>1</VERSION>
    <LANGU>S</LANGU>
    <DESCRIPT>Simplest way to make account posting</DESCRIPT>
    <EXPOSURE>2</EXPOSURE>
    <STATE>1</STATE>
    <CLSFINAL>X</CLSFINAL>
    <CLSCCINCL>X</CLSCCINCL>
    <FIXPT>X</FIXPT>
    <UNICODE>X</UNICODE>
   </VSEOCLASS>
   <DESCRIPTIONS>
    <SEOCOMPOTX>
     <CLSNAME>ZCL_SIMPLE_ACC_POST</CLSNAME>
     <CMPNAME>BDC_POST</CMPNAME>
     <LANGU>E</LANGU>
     <DESCRIPT>Post document with BDC</DESCRIPT>
    </SEOCOMPOTX>
    <SEOCOMPOTX>
     <CLSNAME>ZCL_SIMPLE_ACC_POST</CLSNAME>
     <CMPNAME>CALL_BAPI</CMPNAME>
     <LANGU>E</LANGU>
     <DESCRIPT>Call BAPI_ACC_DOCUMENT_POST and fill auxiliary tables</DESCRIPT>
    </SEOCOMPOTX>
    <SEOCOMPOTX>
     <CLSNAME>ZCL_SIMPLE_ACC_POST</CLSNAME>
     <CMPNAME>C_SLG0_OBJECT</CMPNAME>
     <LANGU>E</LANGU>
     <DESCRIPT>SLG0 Object</DESCRIPT>
    </SEOCOMPOTX>
    <SEOCOMPOTX>
     <CLSNAME>ZCL_SIMPLE_ACC_POST</CLSNAME>
     <CMPNAME>C_SLG0_SUBOBJECT</CMPNAME>
     <LANGU>E</LANGU>
     <DESCRIPT>SLG0 Subobject</DESCRIPT>
    </SEOCOMPOTX>
    <SEOCOMPOTX>
     <CLSNAME>ZCL_SIMPLE_ACC_POST</CLSNAME>
     <CMPNAME>C_STATUS_ERROR</CMPNAME>
     <LANGU>E</LANGU>
     <DESCRIPT>Found errors</DESCRIPT>
    </SEOCOMPOTX>
    <SEOCOMPOTX>
     <CLSNAME>ZCL_SIMPLE_ACC_POST</CLSNAME>
     <CMPNAME>C_STATUS_NEW</CMPNAME>
     <LANGU>E</LANGU>
     <DESCRIPT>Document header before post or check</DESCRIPT>
    </SEOCOMPOTX>
    <SEOCOMPOTX>
     <CLSNAME>ZCL_SIMPLE_ACC_POST</CLSNAME>
     <CMPNAME>C_STATUS_OK</CMPNAME>
     <LANGU>E</LANGU>
     <DESCRIPT>Processed with no error</DESCRIPT>
    </SEOCOMPOTX>
    <SEOCOMPOTX>
     <CLSNAME>ZCL_SIMPLE_ACC_POST</CLSNAME>
     <CMPNAME>C_STATUS_WARNING</CMPNAME>
     <LANGU>E</LANGU>
     <DESCRIPT>Found warnings</DESCRIPT>
    </SEOCOMPOTX>
    <SEOCOMPOTX>
     <CLSNAME>ZCL_SIMPLE_ACC_POST</CLSNAME>
     <CMPNAME>DISPLAY_LOG</CMPNAME>
     <LANGU>E</LANGU>
     <DESCRIPT>Show messages of message collector</DESCRIPT>
    </SEOCOMPOTX>
    <SEOCOMPOTX>
     <CLSNAME>ZCL_SIMPLE_ACC_POST</CLSNAME>
     <CMPNAME>DISPLAY_RESULT</CMPNAME>
     <LANGU>E</LANGU>
     <DESCRIPT>Show a dialog box with posting details</DESCRIPT>
    </SEOCOMPOTX>
    <SEOCOMPOTX>
     <CLSNAME>ZCL_SIMPLE_ACC_POST</CLSNAME>
     <CMPNAME>FILL_ACCOUNTGL</CMPNAME>
     <LANGU>E</LANGU>
     <DESCRIPT>Fill BAPI table ACCOUNTGL</DESCRIPT>
    </SEOCOMPOTX>
    <SEOCOMPOTX>
     <CLSNAME>ZCL_SIMPLE_ACC_POST</CLSNAME>
     <CMPNAME>FILL_ACCOUNTPAYABLE</CMPNAME>
     <LANGU>E</LANGU>
     <DESCRIPT>Fill BAPI table ACCOUNTPAYABLE</DESCRIPT>
    </SEOCOMPOTX>
    <SEOCOMPOTX>
     <CLSNAME>ZCL_SIMPLE_ACC_POST</CLSNAME>
     <CMPNAME>FILL_ACCOUNTRECEIVABLE</CMPNAME>
     <LANGU>E</LANGU>
     <DESCRIPT>Fill BAPI table ACCOUNTRECEIVABLE</DESCRIPT>
    </SEOCOMPOTX>
    <SEOCOMPOTX>
     <CLSNAME>ZCL_SIMPLE_ACC_POST</CLSNAME>
     <CMPNAME>FILL_ACCOUNTTAX</CMPNAME>
     <LANGU>E</LANGU>
     <DESCRIPT>Fill BAPI table ACCOUNTTAX with tax of actual position</DESCRIPT>
    </SEOCOMPOTX>
    <SEOCOMPOTX>
     <CLSNAME>ZCL_SIMPLE_ACC_POST</CLSNAME>
     <CMPNAME>FILL_ACCOUNTWT</CMPNAME>
     <LANGU>E</LANGU>
     <DESCRIPT>Fill BAPI table ACCOUNTWT with withholding data</DESCRIPT>
    </SEOCOMPOTX>
    <SEOCOMPOTX>
     <CLSNAME>ZCL_SIMPLE_ACC_POST</CLSNAME>
     <CMPNAME>FILL_BAPI</CMPNAME>
     <LANGU>E</LANGU>
     <DESCRIPT>Fill tables and structures of BAPI_ACC_DOCUMENT_POST</DESCRIPT>
    </SEOCOMPOTX>
    <SEOCOMPOTX>
     <CLSNAME>ZCL_SIMPLE_ACC_POST</CLSNAME>
     <CMPNAME>FILL_CUSTOMERCPD</CMPNAME>
     <LANGU>E</LANGU>
     <DESCRIPT>Fill BAPI structure CUSTOMERCPD</DESCRIPT>
    </SEOCOMPOTX>
    <SEOCOMPOTX>
     <CLSNAME>ZCL_SIMPLE_ACC_POST</CLSNAME>
     <CMPNAME>FILL_DOCUMENTHEADER</CMPNAME>
     <LANGU>E</LANGU>
     <DESCRIPT>Fill BAPI importing structure DOCUMENTHEADER</DESCRIPT>
    </SEOCOMPOTX>
    <SEOCOMPOTX>
     <CLSNAME>ZCL_SIMPLE_ACC_POST</CLSNAME>
     <CMPNAME>FILL_T_ACCPOST_WITH_CLIPDATA</CMPNAME>
     <LANGU>E</LANGU>
     <DESCRIPT>Fill table T_ACCPOST with parsed data from clipboard</DESCRIPT>
    </SEOCOMPOTX>
    <SEOCOMPOTX>
     <CLSNAME>ZCL_SIMPLE_ACC_POST</CLSNAME>
     <CMPNAME>N_ACCPOST_TABIX</CMPNAME>
     <LANGU>E</LANGU>
     <DESCRIPT>Actual SY-TABIX of T_ACCPOST</DESCRIPT>
    </SEOCOMPOTX>
    <SEOCOMPOTX>
     <CLSNAME>ZCL_SIMPLE_ACC_POST</CLSNAME>
     <CMPNAME>N_ITEMNO_ACC</CMPNAME>
     <LANGU>E</LANGU>
     <DESCRIPT>Accounting Document Line Item Number</DESCRIPT>
    </SEOCOMPOTX>
    <SEOCOMPOTX>
     <CLSNAME>ZCL_SIMPLE_ACC_POST</CLSNAME>
     <CMPNAME>POST</CMPNAME>
     <LANGU>E</LANGU>
     <DESCRIPT>Post or check items of IT_ACCPOST</DESCRIPT>
    </SEOCOMPOTX>
    <SEOCOMPOTX>
     <CLSNAME>ZCL_SIMPLE_ACC_POST</CLSNAME>
     <CMPNAME>READ_CLIPBOARD</CMPNAME>
     <LANGU>E</LANGU>
     <DESCRIPT>Return string with clipboard&apos;s data separated by CR_LF</DESCRIPT>
    </SEOCOMPOTX>
    <SEOCOMPOTX>
     <CLSNAME>ZCL_SIMPLE_ACC_POST</CLSNAME>
     <CMPNAME>R_MSG_LOG</CMPNAME>
     <LANGU>E</LANGU>
     <DESCRIPT>Message Collector</DESCRIPT>
    </SEOCOMPOTX>
    <SEOCOMPOTX>
     <CLSNAME>ZCL_SIMPLE_ACC_POST</CLSNAME>
     <CMPNAME>S_CUSTOMERCPD</CMPNAME>
     <LANGU>E</LANGU>
     <DESCRIPT>Posting in accounting: Partner billing doc (load receivable)</DESCRIPT>
    </SEOCOMPOTX>
    <SEOCOMPOTX>
     <CLSNAME>ZCL_SIMPLE_ACC_POST</CLSNAME>
     <CMPNAME>S_DOCUMENTHEADER</CMPNAME>
     <LANGU>E</LANGU>
     <DESCRIPT>Header</DESCRIPT>
    </SEOCOMPOTX>
    <SEOCOMPOTX>
     <CLSNAME>ZCL_SIMPLE_ACC_POST</CLSNAME>
     <CMPNAME>TT_ACCPOST</CMPNAME>
     <LANGU>E</LANGU>
     <DESCRIPT>Main table for class ZCL_SIMPLE_ACC_POST</DESCRIPT>
    </SEOCOMPOTX>
    <SEOCOMPOTX>
     <CLSNAME>ZCL_SIMPLE_ACC_POST</CLSNAME>
     <CMPNAME>TT_ACCPOST_DOC</CMPNAME>
     <LANGU>E</LANGU>
     <DESCRIPT>Table of status and reference to created documents</DESCRIPT>
    </SEOCOMPOTX>
    <SEOCOMPOTX>
     <CLSNAME>ZCL_SIMPLE_ACC_POST</CLSNAME>
     <CMPNAME>TT_ACCPOST_MSG</CMPNAME>
     <LANGU>E</LANGU>
     <DESCRIPT>Collect messages returned by each execution of standard BAPI</DESCRIPT>
    </SEOCOMPOTX>
    <SEOCOMPOTX>
     <CLSNAME>ZCL_SIMPLE_ACC_POST</CLSNAME>
     <CMPNAME>TY_ACCPOST_DOC</CMPNAME>
     <LANGU>E</LANGU>
     <DESCRIPT>Accounting Document information</DESCRIPT>
    </SEOCOMPOTX>
    <SEOCOMPOTX>
     <CLSNAME>ZCL_SIMPLE_ACC_POST</CLSNAME>
     <CMPNAME>T_ACCOUNTGL</CMPNAME>
     <LANGU>E</LANGU>
     <DESCRIPT>G/L account items</DESCRIPT>
    </SEOCOMPOTX>
    <SEOCOMPOTX>
     <CLSNAME>ZCL_SIMPLE_ACC_POST</CLSNAME>
     <CMPNAME>T_ACCOUNTPAYABLE</CMPNAME>
     <LANGU>E</LANGU>
     <DESCRIPT>Vendor Items</DESCRIPT>
    </SEOCOMPOTX>
    <SEOCOMPOTX>
     <CLSNAME>ZCL_SIMPLE_ACC_POST</CLSNAME>
     <CMPNAME>T_ACCOUNTRECEIVABLE</CMPNAME>
     <LANGU>E</LANGU>
     <DESCRIPT>Customer Items</DESCRIPT>
    </SEOCOMPOTX>
    <SEOCOMPOTX>
     <CLSNAME>ZCL_SIMPLE_ACC_POST</CLSNAME>
     <CMPNAME>T_ACCOUNTTAX</CMPNAME>
     <LANGU>E</LANGU>
     <DESCRIPT>Tax items</DESCRIPT>
    </SEOCOMPOTX>
    <SEOCOMPOTX>
     <CLSNAME>ZCL_SIMPLE_ACC_POST</CLSNAME>
     <CMPNAME>T_ACCOUNTWT</CMPNAME>
     <LANGU>E</LANGU>
     <DESCRIPT>Withholding tax information for FI Interface</DESCRIPT>
    </SEOCOMPOTX>
    <SEOCOMPOTX>
     <CLSNAME>ZCL_SIMPLE_ACC_POST</CLSNAME>
     <CMPNAME>T_ACCPOST</CMPNAME>
     <LANGU>E</LANGU>
     <DESCRIPT>Main structure for ZCL_SIMPLE_ACC_POST</DESCRIPT>
    </SEOCOMPOTX>
    <SEOCOMPOTX>
     <CLSNAME>ZCL_SIMPLE_ACC_POST</CLSNAME>
     <CMPNAME>T_ACCPOST_DOC</CMPNAME>
     <LANGU>E</LANGU>
     <DESCRIPT>Status and reference to created documents</DESCRIPT>
    </SEOCOMPOTX>
    <SEOCOMPOTX>
     <CLSNAME>ZCL_SIMPLE_ACC_POST</CLSNAME>
     <CMPNAME>T_ACCPOST_MSG</CMPNAME>
     <LANGU>E</LANGU>
     <DESCRIPT>Collect messages returned by each execution of standard BAPI</DESCRIPT>
    </SEOCOMPOTX>
    <SEOCOMPOTX>
     <CLSNAME>ZCL_SIMPLE_ACC_POST</CLSNAME>
     <CMPNAME>T_CONTRACTITEM</CMPNAME>
     <LANGU>E</LANGU>
     <DESCRIPT>Additional Contract Accounts Recieviable and Payable Docs</DESCRIPT>
    </SEOCOMPOTX>
    <SEOCOMPOTX>
     <CLSNAME>ZCL_SIMPLE_ACC_POST</CLSNAME>
     <CMPNAME>T_CRITERIA</CMPNAME>
     <LANGU>E</LANGU>
     <DESCRIPT>CO-PA Account Assignment Characteristics</DESCRIPT>
    </SEOCOMPOTX>
    <SEOCOMPOTX>
     <CLSNAME>ZCL_SIMPLE_ACC_POST</CLSNAME>
     <CMPNAME>T_CURRENCYAMOUNT</CMPNAME>
     <LANGU>E</LANGU>
     <DESCRIPT>Currency Items</DESCRIPT>
    </SEOCOMPOTX>
    <SEOCOMPOTX>
     <CLSNAME>ZCL_SIMPLE_ACC_POST</CLSNAME>
     <CMPNAME>T_EXTENSION1</CMPNAME>
     <LANGU>E</LANGU>
     <DESCRIPT>Container for &apos;Customer Exit&apos; Parameters</DESCRIPT>
    </SEOCOMPOTX>
    <SEOCOMPOTX>
     <CLSNAME>ZCL_SIMPLE_ACC_POST</CLSNAME>
     <CMPNAME>T_EXTENSION2</CMPNAME>
     <LANGU>E</LANGU>
     <DESCRIPT>Reference Structure for BAPI Parameters EXTENSIONIN/EXTENSIO</DESCRIPT>
    </SEOCOMPOTX>
    <SEOCOMPOTX>
     <CLSNAME>ZCL_SIMPLE_ACC_POST</CLSNAME>
     <CMPNAME>T_PAYMENTCARD</CMPNAME>
     <LANGU>E</LANGU>
     <DESCRIPT>Payment Card Informations</DESCRIPT>
    </SEOCOMPOTX>
    <SEOCOMPOTX>
     <CLSNAME>ZCL_SIMPLE_ACC_POST</CLSNAME>
     <CMPNAME>T_REALESTATE</CMPNAME>
     <LANGU>E</LANGU>
     <DESCRIPT>Real Estate Account Assignment Data</DESCRIPT>
    </SEOCOMPOTX>
    <SEOCOMPOTX>
     <CLSNAME>ZCL_SIMPLE_ACC_POST</CLSNAME>
     <CMPNAME>T_RETURN</CMPNAME>
     <LANGU>E</LANGU>
     <DESCRIPT>Return parameter table</DESCRIPT>
    </SEOCOMPOTX>
    <SEOCOMPOTX>
     <CLSNAME>ZCL_SIMPLE_ACC_POST</CLSNAME>
     <CMPNAME>T_VALUEFIELD</CMPNAME>
     <LANGU>E</LANGU>
     <DESCRIPT>CO-PA Account Assignment Value Fields</DESCRIPT>
    </SEOCOMPOTX>
   </DESCRIPTIONS>
  </asx:values>
 </asx:abap>
</abapGit>
