﻿<?xml version="1.0" encoding="utf-8"?>
<abapGit version="v1.0.0" serializer="LCL_OBJECT_CLAS" serializer_version="v1.0.0">
 <asx:abap xmlns:asx="http://www.sap.com/abapxml" version="1.0">
  <asx:values>
   <VSEOCLASS>
    <CLSNAME>ZCX_SIMPLE_ACC_POST</CLSNAME>
    <VERSION>1</VERSION>
    <LANGU>E</LANGU>
    <DESCRIPT>ZCL_SIMPLE_ACC_POST Exception class</DESCRIPT>
    <CATEGORY>40</CATEGORY>
    <EXPOSURE>2</EXPOSURE>
    <STATE>1</STATE>
    <CLSFINAL>X</CLSFINAL>
    <CLSCCINCL>X</CLSCCINCL>
    <FIXPT>X</FIXPT>
    <UNICODE>X</UNICODE>
   </VSEOCLASS>
   <DESCRIPTIONS>
    <SEOCOMPOTX>
     <CLSNAME>ZCX_SIMPLE_ACC_POST</CLSNAME>
     <CMPNAME>ATTR1</CMPNAME>
     <LANGU>E</LANGU>
     <DESCRIPT>Value 1</DESCRIPT>
    </SEOCOMPOTX>
    <SEOCOMPOTX>
     <CLSNAME>ZCX_SIMPLE_ACC_POST</CLSNAME>
     <CMPNAME>ATTR2</CMPNAME>
     <LANGU>E</LANGU>
     <DESCRIPT>Value 2</DESCRIPT>
    </SEOCOMPOTX>
    <SEOCOMPOTX>
     <CLSNAME>ZCX_SIMPLE_ACC_POST</CLSNAME>
     <CMPNAME>ATTR3</CMPNAME>
     <LANGU>E</LANGU>
     <DESCRIPT>Value 3</DESCRIPT>
    </SEOCOMPOTX>
    <SEOCOMPOTX>
     <CLSNAME>ZCX_SIMPLE_ACC_POST</CLSNAME>
     <CMPNAME>ATTR4</CMPNAME>
     <LANGU>E</LANGU>
     <DESCRIPT>Value 4</DESCRIPT>
    </SEOCOMPOTX>
    <SEOCOMPOTX>
     <CLSNAME>ZCX_SIMPLE_ACC_POST</CLSNAME>
     <CMPNAME>CONSTRUCTOR</CMPNAME>
     <LANGU>E</LANGU>
     <DESCRIPT>CONSTRUCTOR</DESCRIPT>
    </SEOCOMPOTX>
    <SEOCOMPOTX>
     <CLSNAME>ZCX_SIMPLE_ACC_POST</CLSNAME>
     <CMPNAME>GET_BAPIRET2</CMPNAME>
     <LANGU>E</LANGU>
     <DESCRIPT>Get a BAPIRET2 structure with exception data</DESCRIPT>
    </SEOCOMPOTX>
   </DESCRIPTIONS>
  </asx:values>
 </asx:abap>
</abapGit>
