﻿<?xml version="1.0" encoding="utf-8"?>
<abapGit version="v1.0.0" serializer="LCL_OBJECT_TABL" serializer_version="v1.0.0">
 <asx:abap xmlns:asx="http://www.sap.com/abapxml" version="1.0">
  <asx:values>
   <DD02V>
    <TABNAME>ZFIS_SIMPLE_ACCPOST</TABNAME>
    <TABCLASS>INTTAB</TABCLASS>
    <EXCLASS>3</EXCLASS>
   </DD02V>
   <DD03P_TABLE>
    <DD03P>
     <TABNAME>ZFIS_SIMPLE_ACCPOST</TABNAME>
     <FIELDNAME>ID_ACCDOC</FIELDNAME>
     <POSITION>0001</POSITION>
     <ADMINFIELD>0</ADMINFIELD>
     <INTTYPE>C</INTTYPE>
     <INTLEN>000510</INTLEN>
     <DATATYPE>CHAR</DATATYPE>
     <LENG>000255</LENG>
     <MASK>  CHAR</MASK>
    </DD03P>
    <DD03P>
     <TABNAME>ZFIS_SIMPLE_ACCPOST</TABNAME>
     <FIELDNAME>AWTYP</FIELDNAME>
     <POSITION>0002</POSITION>
     <ROLLNAME>AWTYP</ROLLNAME>
     <ADMINFIELD>0</ADMINFIELD>
     <COMPTYPE>E</COMPTYPE>
    </DD03P>
    <DD03P>
     <TABNAME>ZFIS_SIMPLE_ACCPOST</TABNAME>
     <FIELDNAME>AWKEY</FIELDNAME>
     <POSITION>0003</POSITION>
     <ROLLNAME>AWKEY</ROLLNAME>
     <ADMINFIELD>0</ADMINFIELD>
     <COMPTYPE>E</COMPTYPE>
    </DD03P>
    <DD03P>
     <TABNAME>ZFIS_SIMPLE_ACCPOST</TABNAME>
     <FIELDNAME>AWSYS</FIELDNAME>
     <POSITION>0004</POSITION>
     <ROLLNAME>AWSYS</ROLLNAME>
     <ADMINFIELD>0</ADMINFIELD>
     <COMPTYPE>E</COMPTYPE>
    </DD03P>
    <DD03P>
     <TABNAME>ZFIS_SIMPLE_ACCPOST</TABNAME>
     <FIELDNAME>BUKRS</FIELDNAME>
     <POSITION>0005</POSITION>
     <ROLLNAME>BUKRS</ROLLNAME>
     <ADMINFIELD>0</ADMINFIELD>
     <SHLPORIGIN>D</SHLPORIGIN>
     <COMPTYPE>E</COMPTYPE>
    </DD03P>
    <DD03P>
     <TABNAME>ZFIS_SIMPLE_ACCPOST</TABNAME>
     <FIELDNAME>BLART</FIELDNAME>
     <POSITION>0006</POSITION>
     <ROLLNAME>BLART</ROLLNAME>
     <ADMINFIELD>0</ADMINFIELD>
     <COMPTYPE>E</COMPTYPE>
    </DD03P>
    <DD03P>
     <TABNAME>ZFIS_SIMPLE_ACCPOST</TABNAME>
     <FIELDNAME>BLDAT</FIELDNAME>
     <POSITION>0007</POSITION>
     <ROLLNAME>BLDAT</ROLLNAME>
     <ADMINFIELD>0</ADMINFIELD>
     <SHLPORIGIN>T</SHLPORIGIN>
     <COMPTYPE>E</COMPTYPE>
    </DD03P>
    <DD03P>
     <TABNAME>ZFIS_SIMPLE_ACCPOST</TABNAME>
     <FIELDNAME>BUDAT</FIELDNAME>
     <POSITION>0008</POSITION>
     <ROLLNAME>BUDAT</ROLLNAME>
     <ADMINFIELD>0</ADMINFIELD>
     <SHLPORIGIN>T</SHLPORIGIN>
     <COMPTYPE>E</COMPTYPE>
    </DD03P>
    <DD03P>
     <TABNAME>ZFIS_SIMPLE_ACCPOST</TABNAME>
     <FIELDNAME>MONAT</FIELDNAME>
     <POSITION>0009</POSITION>
     <ROLLNAME>MONAT</ROLLNAME>
     <ADMINFIELD>0</ADMINFIELD>
     <COMPTYPE>E</COMPTYPE>
    </DD03P>
    <DD03P>
     <TABNAME>ZFIS_SIMPLE_ACCPOST</TABNAME>
     <FIELDNAME>VATDATE</FIELDNAME>
     <POSITION>0010</POSITION>
     <ROLLNAME>VATDATE</ROLLNAME>
     <ADMINFIELD>0</ADMINFIELD>
     <SHLPORIGIN>T</SHLPORIGIN>
     <COMPTYPE>E</COMPTYPE>
    </DD03P>
    <DD03P>
     <TABNAME>ZFIS_SIMPLE_ACCPOST</TABNAME>
     <FIELDNAME>WAERS</FIELDNAME>
     <POSITION>0011</POSITION>
     <ROLLNAME>WAERS</ROLLNAME>
     <ADMINFIELD>0</ADMINFIELD>
     <COMPTYPE>E</COMPTYPE>
    </DD03P>
    <DD03P>
     <TABNAME>ZFIS_SIMPLE_ACCPOST</TABNAME>
     <FIELDNAME>XBLNR</FIELDNAME>
     <POSITION>0012</POSITION>
     <ROLLNAME>XBLNR</ROLLNAME>
     <ADMINFIELD>0</ADMINFIELD>
     <COMPTYPE>E</COMPTYPE>
    </DD03P>
    <DD03P>
     <TABNAME>ZFIS_SIMPLE_ACCPOST</TABNAME>
     <FIELDNAME>BKTXT</FIELDNAME>
     <POSITION>0013</POSITION>
     <ROLLNAME>BKTXT</ROLLNAME>
     <ADMINFIELD>0</ADMINFIELD>
     <COMPTYPE>E</COMPTYPE>
    </DD03P>
    <DD03P>
     <TABNAME>ZFIS_SIMPLE_ACCPOST</TABNAME>
     <FIELDNAME>KUNNR</FIELDNAME>
     <POSITION>0014</POSITION>
     <ROLLNAME>KUNNR</ROLLNAME>
     <ADMINFIELD>0</ADMINFIELD>
     <SHLPORIGIN>D</SHLPORIGIN>
     <COMPTYPE>E</COMPTYPE>
    </DD03P>
    <DD03P>
     <TABNAME>ZFIS_SIMPLE_ACCPOST</TABNAME>
     <FIELDNAME>LIFNR</FIELDNAME>
     <POSITION>0015</POSITION>
     <ROLLNAME>LIFNR</ROLLNAME>
     <ADMINFIELD>0</ADMINFIELD>
     <SHLPORIGIN>D</SHLPORIGIN>
     <COMPTYPE>E</COMPTYPE>
    </DD03P>
    <DD03P>
     <TABNAME>ZFIS_SIMPLE_ACCPOST</TABNAME>
     <FIELDNAME>UMSKS</FIELDNAME>
     <POSITION>0016</POSITION>
     <ROLLNAME>UMSKS</ROLLNAME>
     <ADMINFIELD>0</ADMINFIELD>
     <COMPTYPE>E</COMPTYPE>
    </DD03P>
    <DD03P>
     <TABNAME>ZFIS_SIMPLE_ACCPOST</TABNAME>
     <FIELDNAME>HKONT</FIELDNAME>
     <POSITION>0017</POSITION>
     <ROLLNAME>HKONT</ROLLNAME>
     <ADMINFIELD>0</ADMINFIELD>
     <COMPTYPE>E</COMPTYPE>
    </DD03P>
    <DD03P>
     <TABNAME>ZFIS_SIMPLE_ACCPOST</TABNAME>
     <FIELDNAME>WRBTR</FIELDNAME>
     <POSITION>0018</POSITION>
     <ROLLNAME>BAPIDOCCUR</ROLLNAME>
     <ADMINFIELD>0</ADMINFIELD>
     <COMPTYPE>E</COMPTYPE>
    </DD03P>
    <DD03P>
     <TABNAME>ZFIS_SIMPLE_ACCPOST</TABNAME>
     <FIELDNAME>VALUT</FIELDNAME>
     <POSITION>0019</POSITION>
     <ROLLNAME>VALUT</ROLLNAME>
     <ADMINFIELD>0</ADMINFIELD>
     <SHLPORIGIN>T</SHLPORIGIN>
     <COMPTYPE>E</COMPTYPE>
    </DD03P>
    <DD03P>
     <TABNAME>ZFIS_SIMPLE_ACCPOST</TABNAME>
     <FIELDNAME>SGTXT</FIELDNAME>
     <POSITION>0020</POSITION>
     <ROLLNAME>SGTXT</ROLLNAME>
     <ADMINFIELD>0</ADMINFIELD>
     <COMPTYPE>E</COMPTYPE>
    </DD03P>
    <DD03P>
     <TABNAME>ZFIS_SIMPLE_ACCPOST</TABNAME>
     <FIELDNAME>ZUONR</FIELDNAME>
     <POSITION>0021</POSITION>
     <ROLLNAME>DZUONR</ROLLNAME>
     <ADMINFIELD>0</ADMINFIELD>
     <COMPTYPE>E</COMPTYPE>
    </DD03P>
    <DD03P>
     <TABNAME>ZFIS_SIMPLE_ACCPOST</TABNAME>
     <FIELDNAME>MWSKZ</FIELDNAME>
     <POSITION>0022</POSITION>
     <ROLLNAME>MWSKZ</ROLLNAME>
     <ADMINFIELD>0</ADMINFIELD>
     <COMPTYPE>E</COMPTYPE>
    </DD03P>
    <DD03P>
     <TABNAME>ZFIS_SIMPLE_ACCPOST</TABNAME>
     <FIELDNAME>KOSTL</FIELDNAME>
     <POSITION>0023</POSITION>
     <ROLLNAME>KOSTL</ROLLNAME>
     <ADMINFIELD>0</ADMINFIELD>
     <COMPTYPE>E</COMPTYPE>
    </DD03P>
    <DD03P>
     <TABNAME>ZFIS_SIMPLE_ACCPOST</TABNAME>
     <FIELDNAME>POSID</FIELDNAME>
     <POSITION>0024</POSITION>
     <ROLLNAME>PS_POSID</ROLLNAME>
     <ADMINFIELD>0</ADMINFIELD>
     <COMPTYPE>E</COMPTYPE>
    </DD03P>
    <DD03P>
     <TABNAME>ZFIS_SIMPLE_ACCPOST</TABNAME>
     <FIELDNAME>XREF1</FIELDNAME>
     <POSITION>0025</POSITION>
     <ROLLNAME>XREF1</ROLLNAME>
     <ADMINFIELD>0</ADMINFIELD>
     <COMPTYPE>E</COMPTYPE>
    </DD03P>
    <DD03P>
     <TABNAME>ZFIS_SIMPLE_ACCPOST</TABNAME>
     <FIELDNAME>XREF2</FIELDNAME>
     <POSITION>0026</POSITION>
     <ROLLNAME>XREF2</ROLLNAME>
     <ADMINFIELD>0</ADMINFIELD>
     <COMPTYPE>E</COMPTYPE>
    </DD03P>
    <DD03P>
     <TABNAME>ZFIS_SIMPLE_ACCPOST</TABNAME>
     <FIELDNAME>XREF3</FIELDNAME>
     <POSITION>0027</POSITION>
     <ROLLNAME>XREF3</ROLLNAME>
     <ADMINFIELD>0</ADMINFIELD>
     <COMPTYPE>E</COMPTYPE>
    </DD03P>
    <DD03P>
     <TABNAME>ZFIS_SIMPLE_ACCPOST</TABNAME>
     <FIELDNAME>ZTERM</FIELDNAME>
     <POSITION>0028</POSITION>
     <ROLLNAME>ACPI_ZTERM</ROLLNAME>
     <ADMINFIELD>0</ADMINFIELD>
     <COMPTYPE>E</COMPTYPE>
    </DD03P>
    <DD03P>
     <TABNAME>ZFIS_SIMPLE_ACCPOST</TABNAME>
     <FIELDNAME>ZFBDT</FIELDNAME>
     <POSITION>0029</POSITION>
     <ROLLNAME>ACPI_ZFBDT</ROLLNAME>
     <ADMINFIELD>0</ADMINFIELD>
     <SHLPORIGIN>T</SHLPORIGIN>
     <COMPTYPE>E</COMPTYPE>
    </DD03P>
    <DD03P>
     <TABNAME>ZFIS_SIMPLE_ACCPOST</TABNAME>
     <FIELDNAME>ZBD1T</FIELDNAME>
     <POSITION>0030</POSITION>
     <ROLLNAME>ACPI_ZBD1T</ROLLNAME>
     <ADMINFIELD>0</ADMINFIELD>
     <COMPTYPE>E</COMPTYPE>
    </DD03P>
    <DD03P>
     <TABNAME>ZFIS_SIMPLE_ACCPOST</TABNAME>
     <FIELDNAME>ZLSCH</FIELDNAME>
     <POSITION>0031</POSITION>
     <ROLLNAME>ACPI_ZLSCH</ROLLNAME>
     <ADMINFIELD>0</ADMINFIELD>
     <COMPTYPE>E</COMPTYPE>
    </DD03P>
    <DD03P>
     <TABNAME>ZFIS_SIMPLE_ACCPOST</TABNAME>
     <FIELDNAME>ZLSPR</FIELDNAME>
     <POSITION>0032</POSITION>
     <ROLLNAME>ACPI_ZLSPR</ROLLNAME>
     <ADMINFIELD>0</ADMINFIELD>
     <COMPTYPE>E</COMPTYPE>
    </DD03P>
    <DD03P>
     <TABNAME>ZFIS_SIMPLE_ACCPOST</TABNAME>
     <FIELDNAME>HBKID</FIELDNAME>
     <POSITION>0033</POSITION>
     <ROLLNAME>HBKID</ROLLNAME>
     <ADMINFIELD>0</ADMINFIELD>
     <COMPTYPE>E</COMPTYPE>
    </DD03P>
    <DD03P>
     <TABNAME>ZFIS_SIMPLE_ACCPOST</TABNAME>
     <FIELDNAME>HKTID</FIELDNAME>
     <POSITION>0034</POSITION>
     <ROLLNAME>HKTID</ROLLNAME>
     <ADMINFIELD>0</ADMINFIELD>
     <COMPTYPE>E</COMPTYPE>
    </DD03P>
    <DD03P>
     <TABNAME>ZFIS_SIMPLE_ACCPOST</TABNAME>
     <FIELDNAME>WITHT</FIELDNAME>
     <POSITION>0035</POSITION>
     <ROLLNAME>WITHT</ROLLNAME>
     <ADMINFIELD>0</ADMINFIELD>
     <COMPTYPE>E</COMPTYPE>
    </DD03P>
    <DD03P>
     <TABNAME>ZFIS_SIMPLE_ACCPOST</TABNAME>
     <FIELDNAME>WT_WITHCD</FIELDNAME>
     <POSITION>0036</POSITION>
     <ROLLNAME>WT_WITHCD</ROLLNAME>
     <ADMINFIELD>0</ADMINFIELD>
     <COMPTYPE>E</COMPTYPE>
    </DD03P>
    <DD03P>
     <TABNAME>ZFIS_SIMPLE_ACCPOST</TABNAME>
     <FIELDNAME>WT_QSSHB</FIELDNAME>
     <POSITION>0037</POSITION>
     <ROLLNAME>WT_BS1</ROLLNAME>
     <ADMINFIELD>0</ADMINFIELD>
     <REFTABLE>ZFIS_SIMPLE_ACCPOST</REFTABLE>
     <REFFIELD>WAERS</REFFIELD>
     <COMPTYPE>E</COMPTYPE>
    </DD03P>
    <DD03P>
     <TABNAME>ZFIS_SIMPLE_ACCPOST</TABNAME>
     <FIELDNAME>WT_QBSHB</FIELDNAME>
     <POSITION>0038</POSITION>
     <ROLLNAME>WT_WT1</ROLLNAME>
     <ADMINFIELD>0</ADMINFIELD>
     <REFTABLE>ZFIS_SIMPLE_ACCPOST</REFTABLE>
     <REFFIELD>WAERS</REFFIELD>
     <COMPTYPE>E</COMPTYPE>
    </DD03P>
    <DD03P>
     <TABNAME>ZFIS_SIMPLE_ACCPOST</TABNAME>
     <FIELDNAME>VBUND</FIELDNAME>
     <POSITION>0039</POSITION>
     <ROLLNAME>RASSC</ROLLNAME>
     <ADMINFIELD>0</ADMINFIELD>
     <COMPTYPE>E</COMPTYPE>
    </DD03P>
    <DD03P>
     <TABNAME>ZFIS_SIMPLE_ACCPOST</TABNAME>
     <FIELDNAME>NAME</FIELDNAME>
     <POSITION>0040</POSITION>
     <ROLLNAME>NAME1_GP</ROLLNAME>
     <ADMINFIELD>0</ADMINFIELD>
     <COMPTYPE>E</COMPTYPE>
    </DD03P>
    <DD03P>
     <TABNAME>ZFIS_SIMPLE_ACCPOST</TABNAME>
     <FIELDNAME>POSTL_CODE</FIELDNAME>
     <POSITION>0041</POSITION>
     <ROLLNAME>PSTLZ</ROLLNAME>
     <ADMINFIELD>0</ADMINFIELD>
     <COMPTYPE>E</COMPTYPE>
    </DD03P>
    <DD03P>
     <TABNAME>ZFIS_SIMPLE_ACCPOST</TABNAME>
     <FIELDNAME>COUNTRY_ISO</FIELDNAME>
     <POSITION>0042</POSITION>
     <ROLLNAME>LAND1_ISO</ROLLNAME>
     <ADMINFIELD>0</ADMINFIELD>
     <COMPTYPE>E</COMPTYPE>
    </DD03P>
    <DD03P>
     <TABNAME>ZFIS_SIMPLE_ACCPOST</TABNAME>
     <FIELDNAME>CITY</FIELDNAME>
     <POSITION>0043</POSITION>
     <ROLLNAME>ORT01_GP</ROLLNAME>
     <ADMINFIELD>0</ADMINFIELD>
     <COMPTYPE>E</COMPTYPE>
    </DD03P>
    <DD03P>
     <TABNAME>ZFIS_SIMPLE_ACCPOST</TABNAME>
     <FIELDNAME>STREET</FIELDNAME>
     <POSITION>0044</POSITION>
     <ROLLNAME>STRAS_GP</ROLLNAME>
     <ADMINFIELD>0</ADMINFIELD>
     <COMPTYPE>E</COMPTYPE>
    </DD03P>
    <DD03P>
     <TABNAME>ZFIS_SIMPLE_ACCPOST</TABNAME>
     <FIELDNAME>TAX_NO_1</FIELDNAME>
     <POSITION>0045</POSITION>
     <ROLLNAME>STCD1</ROLLNAME>
     <ADMINFIELD>0</ADMINFIELD>
     <COMPTYPE>E</COMPTYPE>
    </DD03P>
    <DD03P>
     <TABNAME>ZFIS_SIMPLE_ACCPOST</TABNAME>
     <FIELDNAME>TAX_NO_2</FIELDNAME>
     <POSITION>0046</POSITION>
     <ROLLNAME>STCD2</ROLLNAME>
     <ADMINFIELD>0</ADMINFIELD>
     <COMPTYPE>E</COMPTYPE>
    </DD03P>
    <DD03P>
     <TABNAME>ZFIS_SIMPLE_ACCPOST</TABNAME>
     <FIELDNAME>TAX_NO_3</FIELDNAME>
     <POSITION>0047</POSITION>
     <ROLLNAME>STCD3</ROLLNAME>
     <ADMINFIELD>0</ADMINFIELD>
     <COMPTYPE>E</COMPTYPE>
    </DD03P>
    <DD03P>
     <TABNAME>ZFIS_SIMPLE_ACCPOST</TABNAME>
     <FIELDNAME>TAX_NO_4</FIELDNAME>
     <POSITION>0048</POSITION>
     <ROLLNAME>STCD4</ROLLNAME>
     <ADMINFIELD>0</ADMINFIELD>
     <COMPTYPE>E</COMPTYPE>
    </DD03P>
   </DD03P_TABLE>
  </asx:values>
 </asx:abap>
</abapGit>
