﻿<?xml version="1.0" encoding="utf-8"?>
<abapGit version="v1.0.0" serializer="LCL_OBJECT_MSAG" serializer_version="v1.0.0">
 <asx:abap xmlns:asx="http://www.sap.com/abapxml" version="1.0">
  <asx:values>
   <T100A>
    <ARBGB>ZFSAP</ARBGB>
    <MASTERLANG>E</MASTERLANG>
    <STEXT>Message Class for ZCX_SIMPLE_ACC_POST</STEXT>
   </T100A>
   <I18N_LANGS>
    <LANGU>E</LANGU>
   </I18N_LANGS>
   <T100T>
    <T100T>
     <SPRSL>E</SPRSL>
     <ARBGB>ZFSAP</ARBGB>
     <STEXT>Message Class for ZCX_SIMPLE_ACC_POST</STEXT>
    </T100T>
   </T100T>
   <T100_TEXTS>
    <item>
     <SPRSL>E</SPRSL>
     <MSGNR>000</MSGNR>
     <TEXT>&amp; &amp; &amp; &amp;</TEXT>
    </item>
    <item>
     <SPRSL>E</SPRSL>
     <MSGNR>001</MSGNR>
     <TEXT>Error calculating tax amount: &amp; &amp; &amp; &amp;</TEXT>
    </item>
   </T100_TEXTS>
  </asx:values>
 </asx:abap>
</abapGit>
